"350210585","SANDOMIERZ","2020","01","01",5.1,"",.2,"",1.5,"",-.9,"",.0,"9","",0,"8",.0,"8",2.2,"",.0,"8",.0,"8",.0,"8",.0,"8",.0,"8",.0,"8",.0,"8",.0,"8",.0,"8",.0,"8",.0,"8",.0,"8",.0,"8",.0,"8",.0,"8",.0,"8",0,"",0,"8","R",10,"",0,"9",0,"8"
"350210585","SANDOMIERZ","2020","01","02",6.1,"",-2.7,"",.8,"",-3.6,"",.0,"9","",0,"8",.0,"8",3.4,"",.0,"8",.0,"8",.0,"8",.0,"8",.0,"8",.0,"8",.0,"8",.0,"8",.0,"8",.0,"8",.0,"8",.0,"8",.0,"8",.0,"8",.0,"8",.0,"8",0,"",0,"8","R",11,"",0,"9",0,"8"
"350210585","SANDOMIERZ","2020","01","03",2.6,"",-4.5,"",-1.4,"",-5.3,"",.0,"9","",0,"8",.0,"8",7.1,"",.0,"8",.0,"8",.0,"8",.0,"8",.0,"8",.0,"8",.0,"8",.0,"8",.0,"8",.0,"8",.0,"8",.0,"8",.0,"8",.0,"8",.0,"8",.0,"8",0,"",0,"8","R",15,"",0,"9",0,"8"
"350210585","SANDOMIERZ","2020","01","04",4.2,"",-2.1,"",2.2,"",-2.8,"",.7,"","",0,"8",.0,"8",.3,"",.0,"8",.0,"8",.0,"8",.0,"8",.0,"8",.0,"8",.0,"8",.0,"8",.0,"8",.0,"8",.0,"8",.0,"8",.0,"8",.0,"8",.0,"8",.0,"8",0,"",0,"8","R",17,"",4,"",0,"8"
"350210585","SANDOMIERZ","2020","01","05",2.3,"",-.4,"",.6,"",-.8,"",.0,"","",0,"8",.0,"8",3.3,"",.0,"8",.0,"8",.0,"8",.0,"8",.0,"8",.0,"8",.0,"8",.0,"8",.0,"8",.0,"8",.0,"8",.0,"8",.0,"8",.0,"8",.0,"8",.0,"8",0,"",0,"8","R",17,"",4,"",0,"8"
"350210585","SANDOMIERZ","2020","01","06",-.2,"",-5.1,"",-2.1,"",-6.6,"",.0,"","",0,"8",.0,"8",.0,"9",.0,"8",.0,"8",.0,"8",.0,"8",.0,"8",.0,"8",.0,"8",.0,"8",.0,"8",.0,"8",.0,"8",.0,"8",.0,"8",.0,"8",.0,"8",.0,"8",0,"",0,"8","R",17,"",0,"9",0,"8"
"350210585","SANDOMIERZ","2020","01","07",1.5,"",-3.2,"",-.5,"",-4.9,"",.0,"","",0,"8",.0,"8",6.5,"",.0,"8",.0,"8",.0,"8",.0,"8",.0,"8",.0,"8",.0,"8",.0,"8",.0,"8",.0,"8",.0,"8",.0,"8",.0,"8",.0,"8",.0,"8",.0,"8",0,"",0,"8","R",17,"",0,"9",0,"8"
"350210585","SANDOMIERZ","2020","01","08",3.9,"",-.6,"",.9,"",-.9,"",4.2,"","",0,"8",.0,"8",1.6,"",.0,"8",.0,"8",.0,"8",.0,"8",.0,"8",.0,"8",.0,"8",.0,"8",.0,"8",.0,"8",.0,"8",.0,"8",.0,"8",.0,"8",.0,"8",.0,"8",0,"",0,"8","R",18,"",4,"",0,"8"
"350210585","SANDOMIERZ","2020","01","09",1.7,"",-.5,"",.8,"",-.5,"",3.0,"","",0,"8",.0,"8",.0,"9",.0,"8",.0,"8",.0,"8",.0,"8",.0,"8",.0,"8",.0,"8",.0,"8",.0,"8",.0,"8",.0,"8",.0,"8",.0,"8",.0,"8",.0,"8",.0,"8",0,"",0,"8","R",18,"",4,"",0,"8"
"350210585","SANDOMIERZ","2020","01","10",4.5,"",.2,"",2.3,"",-.2,"",.0,"","",0,"8",.0,"8",.1,"",.0,"8",.0,"8",.0,"8",.0,"8",.0,"8",.0,"8",.0,"8",.0,"8",.0,"8",.0,"8",.0,"8",.0,"8",.0,"8",.0,"8",.0,"8",.0,"8",0,"",0,"8","R",18,"",4,"",0,"8"
"350210585","SANDOMIERZ","2020","01","11",6.0,"",3.3,"",4.6,"",2.6,"",1.4,"","",0,"8",.0,"8",.0,"9",.0,"8",.0,"8",.0,"8",.0,"8",.0,"8",.0,"8",.0,"8",.0,"8",.0,"8",.0,"8",.0,"8",.0,"8",.0,"8",.0,"8",.0,"8",.0,"8",0,"",0,"8","R",0,"9",0,"9",0,"8"
"350210585","SANDOMIERZ","2020","01","12",5.3,"",-.5,"",2.2,"",-.9,"",.0,"","",0,"8",.0,"8",4.7,"",.0,"8",.0,"8",.0,"8",.0,"8",.0,"8",.0,"8",.0,"8",.0,"8",.0,"8",.0,"8",.0,"8",.0,"8",.0,"8",.0,"8",.0,"8",.0,"8",0,"",0,"8","R",1,"",0,"9",0,"8"
"350210585","SANDOMIERZ","2020","01","13",5.0,"",-.6,"",1.9,"",-1.3,"",.0,"","",0,"8",.0,"8",.1,"",.0,"8",.0,"8",.0,"8",.0,"8",.0,"8",.0,"8",.0,"8",.0,"8",.0,"8",.0,"8",.0,"8",.0,"8",.0,"8",.0,"8",.0,"8",.0,"8",0,"",0,"8","R",8,"",4,"",0,"8"
"350210585","SANDOMIERZ","2020","01","14",3.7,"",-1.5,"",.1,"",-2.2,"",.0,"9","",0,"8",.0,"8",6.6,"",.0,"8",.0,"8",.0,"8",.0,"8",.0,"8",.0,"8",.0,"8",.0,"8",.0,"8",.0,"8",.0,"8",.0,"8",.0,"8",.0,"8",.0,"8",.0,"8",0,"",0,"8","R",9,"",0,"9",0,"8"
"350210585","SANDOMIERZ","2020","01","15",6.3,"",-2.2,"",.7,"",-2.6,"",.0,"9","",0,"8",.0,"8",7.7,"",.0,"8",.0,"8",.0,"8",.0,"8",.0,"8",.0,"8",.0,"8",.0,"8",.0,"8",.0,"8",.0,"8",.0,"8",.0,"8",.0,"8",.0,"8",.0,"8",0,"",0,"8","R",10,"",0,"9",0,"8"
"350210585","SANDOMIERZ","2020","01","16",3.6,"",-1.2,"",.4,"",-2.2,"",.0,"","",0,"8",.0,"8",4.0,"",.0,"8",.0,"8",.0,"8",.0,"8",.0,"8",.0,"8",.0,"8",.0,"8",.0,"8",.0,"8",.0,"8",.0,"8",.0,"8",.0,"8",.0,"8",.0,"8",0,"",0,"8","R",13,"",0,"9",0,"8"
"350210585","SANDOMIERZ","2020","01","17",4.0,"",-5.9,"",-.3,"",-6.9,"",.0,"","",0,"8",.0,"8",2.5,"",.0,"8",.0,"8",.0,"8",.0,"8",.0,"8",.0,"8",.0,"8",.0,"8",.0,"8",.0,"8",.0,"8",.0,"8",.0,"8",.0,"8",.0,"8",.0,"8",0,"",0,"8","R",15,"",0,"9",0,"8"
"350210585","SANDOMIERZ","2020","01","18",1.7,"",-1.8,"",-.1,"",-4.0,"",.0,"9","",0,"8",.0,"8",2.5,"",.0,"8",.0,"8",.0,"8",.0,"8",.0,"8",.0,"8",.0,"8",.0,"8",.0,"8",.0,"8",.0,"8",.0,"8",.0,"8",.0,"8",.0,"8",.0,"8",0,"",0,"8","R",16,"",0,"9",0,"8"
"350210585","SANDOMIERZ","2020","01","19",.8,"",-1.8,"",-.2,"",-2.2,"",.0,"","",0,"8",.0,"8",.0,"9",.0,"8",.0,"8",.0,"8",.0,"8",.0,"8",.0,"8",.0,"8",.0,"8",.0,"8",.0,"8",.0,"8",.0,"8",.0,"8",.0,"8",.0,"8",.0,"8",0,"",0,"8","R",15,"",0,"9",0,"8"
"350210585","SANDOMIERZ","2020","01","20",2.3,"",-.4,"",1.1,"",-.2,"",.0,"9","",0,"8",.0,"8",.0,"9",.0,"8",.0,"8",.0,"8",.0,"8",.0,"8",.0,"8",.0,"8",.0,"8",.0,"8",.0,"8",.0,"8",.0,"8",.0,"8",.0,"8",.0,"8",.0,"8",0,"",0,"8","R",16,"",4,"",0,"8"
"350210585","SANDOMIERZ","2020","01","21",4.4,"",-.6,"",1.5,"",-1.2,"",.0,"9","",0,"8",.0,"8",3.8,"",.0,"8",.0,"8",.0,"8",.0,"8",.0,"8",.0,"8",.0,"8",.0,"8",.0,"8",.0,"8",.0,"8",.0,"8",.0,"8",.0,"8",.0,"8",.0,"8",0,"",0,"8","R",15,"",0,"9",0,"8"
"350210585","SANDOMIERZ","2020","01","22",2.2,"",-2.2,"",.5,"",-3.3,"",2.8,"","",0,"8",.0,"8",.3,"",.0,"8",.0,"8",.0,"8",.0,"8",.0,"8",.0,"8",.0,"8",.0,"8",.0,"8",.0,"8",.0,"8",.0,"8",.0,"8",.0,"8",.0,"8",.0,"8",0,"",0,"8","R",16,"",0,"9",0,"8"
"350210585","SANDOMIERZ","2020","01","23",3.8,"",-.8,"",.8,"",-1.5,"",.0,"9","",0,"8",.0,"8",4.6,"",.0,"8",.0,"8",.0,"8",.0,"8",.0,"8",.0,"8",.0,"8",.0,"8",.0,"8",.0,"8",.0,"8",.0,"8",.0,"8",.0,"8",.0,"8",.0,"8",0,"",0,"8","R",15,"",0,"9",0,"8"
"350210585","SANDOMIERZ","2020","01","24",3.9,"",-4.3,"",-1.2,"",-5.5,"",.0,"9","",0,"8",.0,"8",8.0,"",.0,"8",.0,"8",.0,"8",.0,"8",.0,"8",.0,"8",.0,"8",.0,"8",.0,"8",.0,"8",.0,"8",.0,"8",.0,"8",.0,"8",.0,"8",.0,"8",0,"",0,"8","R",18,"",0,"9",0,"8"
"350210585","SANDOMIERZ","2020","01","25",3.1,"",-4.5,"",-1.3,"",-5.1,"",.0,"9","",0,"8",.0,"8",7.2,"",.0,"8",.0,"8",.0,"8",.0,"8",.0,"8",.0,"8",.0,"8",.0,"8",.0,"8",.0,"8",.0,"8",.0,"8",.0,"8",.0,"8",.0,"8",.0,"8",0,"",0,"8","R",22,"",0,"9",0,"8"
"350210585","SANDOMIERZ","2020","01","26",1.2,"",-3.8,"",-2.0,"",-4.6,"",.0,"9","",0,"8",.0,"8",3.9,"",.0,"8",.0,"8",.0,"8",.0,"8",.0,"8",.0,"8",.0,"8",.0,"8",.0,"8",.0,"8",.0,"8",.0,"8",.0,"8",.0,"8",.0,"8",.0,"8",0,"",0,"8","R",22,"",0,"9",0,"8"
"350210585","SANDOMIERZ","2020","01","27",3.1,"",-4.5,"",-1.0,"",-5.1,"",.0,"9","",0,"8",.0,"8",3.1,"",.0,"8",.0,"8",.0,"8",.0,"8",.0,"8",.0,"8",.0,"8",.0,"8",.0,"8",.0,"8",.0,"8",.0,"8",.0,"8",.0,"8",.0,"8",.0,"8",0,"",0,"8","R",26,"",0,"9",0,"8"
"350210585","SANDOMIERZ","2020","01","28",2.9,"",-3.0,"",.0,"",-3.8,"",.0,"","",0,"8",.0,"8",.0,"9",.0,"8",.0,"8",.0,"8",.0,"8",.0,"8",.0,"8",.0,"8",.0,"8",.0,"8",.0,"8",.0,"8",.0,"8",.0,"8",.0,"8",.0,"8",.0,"8",0,"",0,"8","R",26,"",0,"9",0,"8"
"350210585","SANDOMIERZ","2020","01","29",3.5,"",.4,"",1.9,"",-.1,"",.0,"","",0,"8",.0,"8",1.9,"",.0,"8",.0,"8",.0,"8",.0,"8",.0,"8",.0,"8",.0,"8",.0,"8",.0,"8",.0,"8",.0,"8",.0,"8",.0,"8",.0,"8",.0,"8",.0,"8",0,"",0,"8","R",26,"",4,"",0,"8"
"350210585","SANDOMIERZ","2020","01","30",5.1,"",1.4,"",2.8,"",.9,"",1.2,"","",0,"8",.0,"8",.7,"",.0,"8",.0,"8",.0,"8",.0,"8",.0,"8",.0,"8",.0,"8",.0,"8",.0,"8",.0,"8",.0,"8",.0,"8",.0,"8",.0,"8",.0,"8",.0,"8",0,"",0,"8","R",26,"",4,"",0,"8"
"350210585","SANDOMIERZ","2020","01","31",9.5,"",1.5,"",5.1,"",.8,"",1.9,"","",0,"8",.0,"8",.9,"",.0,"8",.0,"8",.0,"8",.0,"8",.0,"8",.0,"8",.0,"8",.0,"8",.0,"8",.0,"8",.0,"8",.0,"8",.0,"8",.0,"8",.0,"8",.0,"8",0,"",0,"8","R",24,"",4,"",0,"8"
"350210585","SANDOMIERZ","2020","02","01",12.9,"",5.7,"",8.0,"",5.0,"",.6,"","",0,"8",.0,"8",2.6,"",.0,"8",.0,"8",.0,"8",.0,"8",.0,"8",.0,"8",.0,"8",.0,"8",.0,"8",.0,"8",.0,"8",.0,"8",.0,"8",.0,"8",.0,"8",.0,"8",0,"",0,"8","R",0,"9",0,"9",0,"8"
"350210585","SANDOMIERZ","2020","02","02",8.9,"",4.6,"",7.3,"",3.6,"",5.2,"","",0,"8",.0,"8",1.9,"",.0,"8",.0,"8",.0,"8",.0,"8",.0,"8",.0,"8",.0,"8",.0,"8",.0,"8",.0,"8",.0,"8",.0,"8",.0,"8",.0,"8",.0,"8",.0,"8",0,"",0,"8","R",0,"9",0,"9",0,"8"
"350210585","SANDOMIERZ","2020","02","03",7.3,"",2.9,"",4.0,"",2.2,"",1.4,"","",0,"8",.0,"8",.0,"9",.0,"8",.0,"8",.0,"8",.0,"8",.0,"8",.0,"8",.0,"8",.0,"8",.0,"8",.0,"8",.0,"8",.0,"8",.0,"8",.0,"8",.0,"8",.0,"8",0,"",0,"8","R",0,"9",0,"9",0,"8"
"350210585","SANDOMIERZ","2020","02","04",5.3,"",2.9,"",4.0,"",2.6,"",13.7,"","",0,"8",.0,"8",.0,"9",.0,"8",.0,"8",.0,"8",.0,"8",.0,"8",.0,"8",.0,"8",.0,"8",.0,"8",.0,"8",.0,"8",.0,"8",.0,"8",.0,"8",.0,"8",.0,"8",0,"",0,"8","R",0,"9",0,"9",0,"8"
"350210585","SANDOMIERZ","2020","02","05",3.2,"",-2.2,"",.2,"",-3.0,"",.0,"","",0,"8",.0,"8",6.8,"",.0,"8",.0,"8",.0,"8",.0,"8",.0,"8",.0,"8",.0,"8",.0,"8",.0,"8",.0,"8",.0,"8",.0,"8",.0,"8",.0,"8",.0,"8",.0,"8",0,"",0,"8","R",0,"9",0,"9",0,"8"
"350210585","SANDOMIERZ","2020","02","06",1.7,"",-3.9,"",-.3,"",-4.6,"",2.6,"","",0,"8",.0,"8",.0,"9",.0,"8",.0,"8",.0,"8",.0,"8",.0,"8",.0,"8",.0,"8",.0,"8",.0,"8",.0,"8",.0,"8",.0,"8",.0,"8",.0,"8",.0,"8",.0,"8",0,"",0,"8","R",10,"",0,"9",0,"8"
"350210585","SANDOMIERZ","2020","02","07",2.5,"",-2.4,"",-.8,"",-3.3,"",.0,"9","",0,"8",.0,"8",8.8,"",.0,"8",.0,"8",.0,"8",.0,"8",.0,"8",.0,"8",.0,"8",.0,"8",.0,"8",.0,"8",.0,"8",.0,"8",.0,"8",.0,"8",.0,"8",.0,"8",0,"",0,"8","R",12,"",0,"9",0,"8"
"350210585","SANDOMIERZ","2020","02","08",2.9,"",-5.9,"",-2.0,"",-7.4,"",.0,"9","",0,"8",.0,"8",6.9,"",.0,"8",.0,"8",.0,"8",.0,"8",.0,"8",.0,"8",.0,"8",.0,"8",.0,"8",.0,"8",.0,"8",.0,"8",.0,"8",.0,"8",.0,"8",.0,"8",0,"",0,"8","R",14,"",0,"9",0,"8"
"350210585","SANDOMIERZ","2020","02","09",5.6,"",-4.3,"",-.1,"",-4.7,"",1.0,"","",0,"8",.0,"8",9.0,"",.0,"8",.0,"8",.0,"8",.0,"8",.0,"8",.0,"8",.0,"8",.0,"8",.0,"8",.0,"8",.0,"8",.0,"8",.0,"8",.0,"8",.0,"8",.0,"8",0,"",0,"8","R",17,"",0,"9",0,"8"
"350210585","SANDOMIERZ","2020","02","10",8.6,"",.2,"",4.6,"",-.8,"",.6,"","",0,"8",.0,"8",.8,"",.0,"8",.0,"8",.0,"8",.0,"8",.0,"8",.0,"8",.0,"8",.0,"8",.0,"8",.0,"8",.0,"8",.0,"8",.0,"8",.0,"8",.0,"8",.0,"8",0,"",0,"8","R",16,"",4,"",0,"8"
"350210585","SANDOMIERZ","2020","02","11",6.5,"",1.8,"",3.3,"",.4,"",1.4,"","",0,"8",.0,"8",.4,"",.0,"8",.0,"8",.0,"8",.0,"8",.0,"8",.0,"8",.0,"8",.0,"8",.0,"8",.0,"8",.0,"8",.0,"8",.0,"8",.0,"8",.0,"8",.0,"8",0,"",0,"8","R",18,"",4,"",0,"8"
"350210585","SANDOMIERZ","2020","02","12",5.2,"",.5,"",2.1,"",-.3,"",.0,"","",0,"8",.0,"8",3.0,"",.0,"8",.0,"8",.0,"8",.0,"8",.0,"8",.0,"8",.0,"8",.0,"8",.0,"8",.0,"8",.0,"8",.0,"8",.0,"8",.0,"8",.0,"8",.0,"8",0,"",0,"8","R",9,"",4,"",0,"8"
"350210585","SANDOMIERZ","2020","02","13",6.1,"",.0,"",2.3,"",-1.6,"",2.4,"","",0,"8",.0,"8",8.1,"",.0,"8",.0,"8",.0,"8",.0,"8",.0,"8",.0,"8",.0,"8",.0,"8",.0,"8",.0,"8",.0,"8",.0,"8",.0,"8",.0,"8",.0,"8",.0,"8",0,"",0,"8","R",10,"",0,"9",0,"8"
"350210585","SANDOMIERZ","2020","02","14",4.6,"",-.1,"",2.3,"",-1.3,"",.2,"","",0,"8",.0,"8",.0,"9",.0,"8",.0,"8",.0,"8",.0,"8",.0,"8",.0,"8",.0,"8",.0,"8",.0,"8",.0,"8",.0,"8",.0,"8",.0,"8",.0,"8",.0,"8",.0,"8",0,"",0,"8","R",10,"",4,"",0,"8"
"350210585","SANDOMIERZ","2020","02","15",3.8,"",1.1,"",1.6,"",.0,"",.0,"9","",0,"8",.0,"8",.2,"",.0,"8",.0,"8",.0,"8",.0,"8",.0,"8",.0,"8",.0,"8",.0,"8",.0,"8",.0,"8",.0,"8",.0,"8",.0,"8",.0,"8",.0,"8",.0,"8",0,"",0,"8","R",0,"9",0,"9",0,"8"
"350210585","SANDOMIERZ","2020","02","16",9.9,"",-1.6,"",4.3,"",-2.9,"",.0,"","",0,"8",.0,"8",5.9,"",.0,"8",.0,"8",.0,"8",.0,"8",.0,"8",.0,"8",.0,"8",.0,"8",.0,"8",.0,"8",.0,"8",.0,"8",.0,"8",.0,"8",.0,"8",.0,"8",0,"",0,"8","R",9,"",0,"9",0,"8"
"350210585","SANDOMIERZ","2020","02","17",13.1,"",4.9,"",8.4,"",3.7,"",.9,"","",0,"8",.0,"8",2.6,"",.0,"8",.0,"8",.0,"8",.0,"8",.0,"8",.0,"8",.0,"8",.0,"8",.0,"8",.0,"8",.0,"8",.0,"8",.0,"8",.0,"8",.0,"8",.0,"8",0,"",0,"8","R",0,"9",0,"9",0,"8"
"350210585","SANDOMIERZ","2020","02","18",9.9,"",4.4,"",6.1,"",3.8,"",.0,"","",0,"8",.0,"8",3.1,"",.0,"8",.0,"8",.0,"8",.0,"8",.0,"8",.0,"8",.0,"8",.0,"8",.0,"8",.0,"8",.0,"8",.0,"8",.0,"8",.0,"8",.0,"8",.0,"8",0,"",0,"8","R",0,"9",0,"9",0,"8"
"350210585","SANDOMIERZ","2020","02","19",9.2,"",-.3,"",4.4,"",-2.0,"",.0,"9","",0,"8",.0,"8",6.5,"",.0,"8",.0,"8",.0,"8",.0,"8",.0,"8",.0,"8",.0,"8",.0,"8",.0,"8",.0,"8",.0,"8",.0,"8",.0,"8",.0,"8",.0,"8",.0,"8",0,"",0,"8","R",7,"",4,"",0,"8"
"350210585","SANDOMIERZ","2020","02","20",6.6,"",1.5,"",2.9,"",-1.4,"",.2,"","",0,"8",.0,"8",1.5,"",.0,"8",.0,"8",.0,"8",.0,"8",.0,"8",.0,"8",.0,"8",.0,"8",.0,"8",.0,"8",.0,"8",.0,"8",.0,"8",.0,"8",.0,"8",.0,"8",0,"",0,"8","R",0,"9",0,"9",0,"8"
"350210585","SANDOMIERZ","2020","02","21",3.8,"",-2.0,"",1.0,"",-4.3,"",2.5,"","",0,"8",.0,"8",.1,"",.0,"8",.0,"8",.0,"8",.0,"8",.0,"8",.0,"8",.0,"8",.0,"8",.0,"8",.0,"8",.0,"8",.0,"8",.0,"8",.0,"8",.0,"8",.0,"8",0,"",0,"8","R",8,"",0,"9",0,"8"
"350210585","SANDOMIERZ","2020","02","22",8.5,"",-1.9,"",4.5,"",-2.5,"",.7,"","",0,"8",.0,"8",6.3,"",.0,"8",.0,"8",.0,"8",.0,"8",.0,"8",.0,"8",.0,"8",.0,"8",.0,"8",.0,"8",.0,"8",.0,"8",.0,"8",.0,"8",.0,"8",.0,"8",0,"",0,"8","R",9,"",0,"9",0,"8"
"350210585","SANDOMIERZ","2020","02","23",8.5,"",3.5,"",6.1,"",3.4,"",8.3,"","",0,"8",.0,"8",.0,"9",.0,"8",.0,"8",.0,"8",.0,"8",.0,"8",.0,"8",.0,"8",.0,"8",.0,"8",.0,"8",.0,"8",.0,"8",.0,"8",.0,"8",.0,"8",.0,"8",0,"",0,"8","R",0,"9",0,"9",0,"8"
"350210585","SANDOMIERZ","2020","02","24",.0,"8",.0,"8",.0,"8",.0,"8",1.8,"","",0,"8",.0,"8",1.0,"",.0,"8",.0,"8",.0,"8",.0,"8",.0,"8",.0,"8",.0,"8",.0,"8",.0,"8",.0,"8",.0,"8",.0,"8",.0,"8",.0,"8",.0,"8",.0,"8",0,"",0,"8","R",0,"9",0,"9",0,"8"
"350210585","SANDOMIERZ","2020","02","25",9.8,"",1.0,"",5.1,"",.3,"",2.6,"","",0,"8",.0,"8",.0,"9",.0,"8",.0,"8",.0,"8",.0,"8",.0,"8",.0,"8",.0,"8",.0,"8",.0,"8",.0,"8",.0,"8",.0,"8",.0,"8",.0,"8",.0,"8",.0,"8",0,"",0,"8","R",0,"9",0,"9",0,"8"
"350210585","SANDOMIERZ","2020","02","26",8.0,"",3.2,"",5.4,"",1.1,"",.7,"","",0,"8",.0,"8",1.1,"",.0,"8",.0,"8",.0,"8",.0,"8",.0,"8",.0,"8",.0,"8",.0,"8",.0,"8",.0,"8",.0,"8",.0,"8",.0,"8",.0,"8",.0,"8",.0,"8",0,"",0,"8","R",0,"9",0,"9",0,"8"
"350210585","SANDOMIERZ","2020","02","27",5.9,"",-.1,"",1.8,"",-1.7,"",.0,"","",0,"8",.0,"8",6.5,"",.0,"8",.0,"8",.0,"8",.0,"8",.0,"8",.0,"8",.0,"8",.0,"8",.0,"8",.0,"8",.0,"8",.0,"8",.0,"8",.0,"8",.0,"8",.0,"8",0,"",0,"8","R",5,"",4,"",0,"8"
"350210585","SANDOMIERZ","2020","02","28",5.2,"",-2.7,"",.3,"",-4.4,"",.0,"","",0,"8",.0,"8",3.1,"",.0,"8",.0,"8",.0,"8",.0,"8",.0,"8",.0,"8",.0,"8",.0,"8",.0,"8",.0,"8",.0,"8",.0,"8",.0,"8",.0,"8",.0,"8",.0,"8",0,"",0,"8","R",8,"",0,"9",0,"8"
"350210585","SANDOMIERZ","2020","02","29",7.7,"",-1.7,"",3.2,"",-2.4,"",.5,"","",0,"8",.0,"8",4.2,"",.0,"8",.0,"8",.0,"8",.0,"8",.0,"8",.0,"8",.0,"8",.0,"8",.0,"8",.0,"8",.0,"8",.0,"8",.0,"8",.0,"8",.0,"8",.0,"8",0,"",0,"8","R",9,"",0,"9",0,"8"
"350210585","SANDOMIERZ","2020","03","01",7.6,"",3.7,"",5.1,"",2.1,"",2.1,"","",0,"8",.0,"8",.0,"9",.0,"8",.0,"8",.0,"8",.0,"8",.0,"8",.0,"8",.0,"8",.0,"8",.0,"8",.0,"8",.0,"8",.0,"8",.0,"8",.0,"8",.0,"8",.0,"8",0,"",0,"8","R",0,"9",0,"9",0,"8"
"350210585","SANDOMIERZ","2020","03","02",6.6,"",1.6,"",4.6,"",.2,"",8.1,"","",0,"8",.0,"8",.0,"9",.0,"8",.0,"8",.0,"8",.0,"8",.0,"8",.0,"8",.0,"8",.0,"8",.0,"8",.0,"8",.0,"8",.0,"8",.0,"8",.0,"8",.0,"8",.0,"8",0,"",0,"8","R",0,"9",0,"9",0,"8"
"350210585","SANDOMIERZ","2020","03","03",15.2,"",1.8,"",8.1,"",-1.0,"",.1,"","",0,"8",.0,"8",4.3,"",.0,"8",.0,"8",.0,"8",.0,"8",.0,"8",.0,"8",.0,"8",.0,"8",.0,"8",.0,"8",.0,"8",.0,"8",.0,"8",.0,"8",.0,"8",.0,"8",0,"",0,"8","R",0,"9",0,"9",0,"8"
"350210585","SANDOMIERZ","2020","03","04",11.4,"",1.8,"",4.5,"",1.5,"",2.4,"","",0,"8",.0,"8",.0,"9",.0,"8",.0,"8",.0,"8",.0,"8",.0,"8",.0,"8",.0,"8",.0,"8",.0,"8",.0,"8",.0,"8",.0,"8",.0,"8",.0,"8",.0,"8",.0,"8",0,"",0,"8","R",0,"9",0,"9",0,"8"
"350210585","SANDOMIERZ","2020","03","05",8.6,"",-2.0,"",2.8,"",-2.3,"",.0,"9","",0,"8",.0,"8",9.2,"",.0,"8",.0,"8",.0,"8",.0,"8",.0,"8",.0,"8",.0,"8",.0,"8",.0,"8",.0,"8",.0,"8",.0,"8",.0,"8",.0,"8",.0,"8",.0,"8",0,"",0,"8","R",5,"",0,"9",0,"8"
"350210585","SANDOMIERZ","2020","03","06",5.8,"",-.4,"",3.2,"",-1.3,"",.1,"","",0,"8",.0,"8",.7,"",.0,"8",.0,"8",.0,"8",.0,"8",.0,"8",.0,"8",.0,"8",.0,"8",.0,"8",.0,"8",.0,"8",.0,"8",.0,"8",.0,"8",.0,"8",.0,"8",0,"",0,"8","R",6,"",4,"",0,"8"
"350210585","SANDOMIERZ","2020","03","07",10.4,"",3.9,"",6.2,"",2.6,"",.0,"","",0,"8",.0,"8",3.6,"",.0,"8",.0,"8",.0,"8",.0,"8",.0,"8",.0,"8",.0,"8",.0,"8",.0,"8",.0,"8",.0,"8",.0,"8",.0,"8",.0,"8",.0,"8",.0,"8",0,"",0,"8","R",0,"9",0,"9",0,"8"
"350210585","SANDOMIERZ","2020","03","08",6.0,"",3.5,"",4.4,"",3.4,"",.0,"","",0,"8",.0,"8",.0,"9",.0,"8",.0,"8",.0,"8",.0,"8",.0,"8",.0,"8",.0,"8",.0,"8",.0,"8",.0,"8",.0,"8",.0,"8",.0,"8",.0,"8",.0,"8",.0,"8",0,"",0,"8","R",0,"9",0,"9",0,"8"
"350210585","SANDOMIERZ","2020","03","09",9.7,"",-.2,"",4.4,"",-3.3,"",.0,"9","",0,"8",.0,"8",7.4,"",.0,"8",.0,"8",.0,"8",.0,"8",.0,"8",.0,"8",.0,"8",.0,"8",.0,"8",.0,"8",.0,"8",.0,"8",.0,"8",.0,"8",.0,"8",.0,"8",0,"",0,"8","R",5,"",0,"9",0,"8"
"350210585","SANDOMIERZ","2020","03","10",10.6,"",-1.9,"",4.7,"",-3.3,"",.1,"","",0,"8",.0,"8",7.5,"",.0,"8",.0,"8",.0,"8",.0,"8",.0,"8",.0,"8",.0,"8",.0,"8",.0,"8",.0,"8",.0,"8",.0,"8",.0,"8",.0,"8",.0,"8",.0,"8",0,"",0,"8","R",6,"",0,"9",0,"8"
"350210585","SANDOMIERZ","2020","03","11",13.0,"",3.8,"",8.0,"",1.9,"",.2,"","",0,"8",.0,"8",5.1,"",.0,"8",.0,"8",.0,"8",.0,"8",.0,"8",.0,"8",.0,"8",.0,"8",.0,"8",.0,"8",.0,"8",.0,"8",.0,"8",.0,"8",.0,"8",.0,"8",0,"",0,"8","R",0,"9",0,"9",0,"8"
"350210585","SANDOMIERZ","2020","03","12",16.7,"",3.3,"",10.3,"",2.3,"",.5,"","",0,"8",.0,"8",3.1,"",.0,"8",.0,"8",.0,"8",.0,"8",.0,"8",.0,"8",.0,"8",.0,"8",.0,"8",.0,"8",.0,"8",.0,"8",.0,"8",.0,"8",.0,"8",.0,"8",0,"",0,"8","R",0,"9",0,"9",0,"8"
"350210585","SANDOMIERZ","2020","03","13",14.1,"",3.7,"",7.0,"",2.0,"",.1,"","",0,"8",.0,"8",5.5,"",.0,"8",.0,"8",.0,"8",.0,"8",.0,"8",.0,"8",.0,"8",.0,"8",.0,"8",.0,"8",.0,"8",.0,"8",.0,"8",.0,"8",.0,"8",.0,"8",0,"",0,"8","R",0,"9",0,"9",0,"8"
"350210585","SANDOMIERZ","2020","03","14",6.3,"",.5,"",2.5,"",-.7,"",.0,"","",0,"8",.0,"8",7.5,"",.0,"8",.0,"8",.0,"8",.0,"8",.0,"8",.0,"8",.0,"8",.0,"8",.0,"8",.0,"8",.0,"8",.0,"8",.0,"8",.0,"8",.0,"8",.0,"8",0,"",0,"8","R",0,"9",0,"9",0,"8"
"350210585","SANDOMIERZ","2020","03","15",5.8,"",-5.8,"",-.1,"",-7.7,"",.0,"9","",0,"8",.0,"8",11.4,"",.0,"8",.0,"8",.0,"8",.0,"8",.0,"8",.0,"8",.0,"8",.0,"8",.0,"8",.0,"8",.0,"8",.0,"8",.0,"8",.0,"8",.0,"8",.0,"8",0,"",0,"8","R",9,"",0,"9",0,"8"
"350210585","SANDOMIERZ","2020","03","16",13.0,"",-3.0,"",4.7,"",-5.3,"",.0,"9","",0,"8",.0,"8",11.1,"",.0,"8",.0,"8",.0,"8",.0,"8",.0,"8",.0,"8",.0,"8",.0,"8",.0,"8",.0,"8",.0,"8",.0,"8",.0,"8",.0,"8",.0,"8",.0,"8",0,"",0,"8","R",10,"",0,"9",0,"8"
"350210585","SANDOMIERZ","2020","03","17",15.6,"",.8,"",7.9,"",-.7,"",.0,"","",0,"8",.0,"8",10.1,"",.0,"8",.0,"8",.0,"8",.0,"8",.0,"8",.0,"8",.0,"8",.0,"8",.0,"8",.0,"8",.0,"8",.0,"8",.0,"8",.0,"8",.0,"8",.0,"8",0,"",0,"8","R",6,"",4,"",0,"8"
"350210585","SANDOMIERZ","2020","03","18",17.9,"",4.3,"",10.7,"",2.7,"",.0,"9","",0,"8",.0,"8",9.5,"",.0,"8",.0,"8",.0,"8",.0,"8",.0,"8",.0,"8",.0,"8",.0,"8",.0,"8",.0,"8",.0,"8",.0,"8",.0,"8",.0,"8",.0,"8",.0,"8",0,"",0,"8","R",0,"9",0,"9",0,"8"
"350210585","SANDOMIERZ","2020","03","19",18.4,"",4.9,"",11.8,"",4.0,"",.0,"9","",0,"8",.0,"8",9.3,"",.0,"8",.0,"8",.0,"8",.0,"8",.0,"8",.0,"8",.0,"8",.0,"8",.0,"8",.0,"8",.0,"8",.0,"8",.0,"8",.0,"8",.0,"8",.0,"8",0,"",0,"8","R",0,"9",0,"9",0,"8"
"350210585","SANDOMIERZ","2020","03","20",13.6,"",6.0,"",8.5,"",4.7,"",2.0,"","",0,"8",.0,"8",2.5,"",.0,"8",.0,"8",.0,"8",.0,"8",.0,"8",.0,"8",.0,"8",.0,"8",.0,"8",.0,"8",.0,"8",.0,"8",.0,"8",.0,"8",.0,"8",.0,"8",0,"",0,"8","R",0,"9",0,"9",0,"8"
"350210585","SANDOMIERZ","2020","03","21",8.4,"",1.7,"",3.5,"",1.3,"",.1,"","",0,"8",.0,"8",.3,"",.0,"8",.0,"8",.0,"8",.0,"8",.0,"8",.0,"8",.0,"8",.0,"8",.0,"8",.0,"8",.0,"8",.0,"8",.0,"8",.0,"8",.0,"8",.0,"8",0,"",0,"8","R",0,"9",0,"9",0,"8"
"350210585","SANDOMIERZ","2020","03","22",1.8,"",-5.3,"",-2.3,"",-6.0,"",.0,"","",0,"8",.0,"8",8.0,"",.0,"8",.0,"8",.0,"8",.0,"8",.0,"8",.0,"8",.0,"8",.0,"8",.0,"8",.0,"8",.0,"8",.0,"8",.0,"8",.0,"8",.0,"8",.0,"8",0,"",0,"8","R",8,"",0,"9",0,"8"
"350210585","SANDOMIERZ","2020","03","23",3.0,"",-5.2,"",-1.6,"",-6.9,"",.0,"9","",0,"8",.0,"8",10.9,"",.0,"8",.0,"8",.0,"8",.0,"8",.0,"8",.0,"8",.0,"8",.0,"8",.0,"8",.0,"8",.0,"8",.0,"8",.0,"8",.0,"8",.0,"8",.0,"8",0,"",0,"8","R",9,"",0,"9",0,"8"
"350210585","SANDOMIERZ","2020","03","24",3.8,"",-5.4,"",-.8,"",-6.4,"",.0,"9","",0,"8",.0,"8",11.7,"",.0,"8",.0,"8",.0,"8",.0,"8",.0,"8",.0,"8",.0,"8",.0,"8",.0,"8",.0,"8",.0,"8",.0,"8",.0,"8",.0,"8",.0,"8",.0,"8",0,"",0,"8","R",11,"",0,"9",0,"8"
"350210585","SANDOMIERZ","2020","03","25",7.4,"",-4.5,"",1.7,"",-5.8,"",.0,"","",0,"8",.0,"8",11.8,"",.0,"8",.0,"8",.0,"8",.0,"8",.0,"8",.0,"8",.0,"8",.0,"8",.0,"8",.0,"8",.0,"8",.0,"8",.0,"8",.0,"8",.0,"8",.0,"8",0,"",0,"8","R",11,"",0,"9",0,"8"
"350210585","SANDOMIERZ","2020","03","26",12.6,"",.0,"",6.0,"",-1.3,"",.0,"9","",0,"8",.0,"8",8.6,"",.0,"8",.0,"8",.0,"8",.0,"8",.0,"8",.0,"8",.0,"8",.0,"8",.0,"8",.0,"8",.0,"8",.0,"8",.0,"8",.0,"8",.0,"8",.0,"8",0,"",0,"8","R",7,"",4,"",0,"8"
"350210585","SANDOMIERZ","2020","03","27",15.2,"",2.8,"",8.7,"",1.0,"",.0,"9","",0,"8",.0,"8",11.8,"",.0,"8",.0,"8",.0,"8",.0,"8",.0,"8",.0,"8",.0,"8",.0,"8",.0,"8",.0,"8",.0,"8",.0,"8",.0,"8",.0,"8",.0,"8",.0,"8",0,"",0,"8","R",0,"9",0,"9",0,"8"
"350210585","SANDOMIERZ","2020","03","28",16.9,"",.9,"",9.6,"",-1.2,"",.0,"9","",0,"8",.0,"8",9.5,"",.0,"8",.0,"8",.0,"8",.0,"8",.0,"8",.0,"8",.0,"8",.0,"8",.0,"8",.0,"8",.0,"8",.0,"8",.0,"8",.0,"8",.0,"8",.0,"8",0,"",0,"8","R",0,"9",0,"9",0,"8"
"350210585","SANDOMIERZ","2020","03","29",15.9,"",1.8,"",7.8,"",.1,"",.0,"","",0,"8",.0,"8",6.7,"",.0,"8",.0,"8",.0,"8",.0,"8",.0,"8",.0,"8",.0,"8",.0,"8",.0,"8",.0,"8",.0,"8",.0,"8",.0,"8",.0,"8",.0,"8",.0,"8",0,"",0,"8","R",0,"9",0,"9",0,"8"
"350210585","SANDOMIERZ","2020","03","30",8.1,"",-2.3,"",-.1,"",-2.3,"",.0,"","",0,"8",.0,"8",6.9,"",.0,"8",.0,"8",.0,"8",.0,"8",.0,"8",.0,"8",.0,"8",.0,"8",.0,"8",.0,"8",.0,"8",.0,"8",.0,"8",.0,"8",.0,"8",.0,"8",0,"",0,"8","R",1,"",0,"9",0,"8"
"350210585","SANDOMIERZ","2020","03","31",6.3,"",-4.5,"",.2,"",-7.2,"",.0,"","",0,"8",.0,"8",8.2,"",.0,"8",.0,"8",.0,"8",.0,"8",.0,"8",.0,"8",.0,"8",.0,"8",.0,"8",.0,"8",.0,"8",.0,"8",.0,"8",.0,"8",.0,"8",.0,"8",0,"",0,"8","R",8,"",4,"",0,"8"
"350210585","SANDOMIERZ","2020","04","01",7.2,"",-5.7,"",1.0,"",-7.5,"",.0,"9","",0,"8",.0,"8",12.1,"",.0,"8",.0,"8",.0,"8",.0,"8",.0,"8",.0,"8",.0,"8",.0,"8",.0,"8",.0,"8",.0,"8",.0,"8",.0,"8",.0,"8",.0,"8",.0,"8",0,"",0,"8","R",8,"",0,"9",0,"8"
"350210585","SANDOMIERZ","2020","04","02",11.7,"",-3.7,"",4.3,"",-4.6,"",.0,"9","",0,"8",.0,"8",12.2,"",.0,"8",.0,"8",.0,"8",.0,"8",.0,"8",.0,"8",.0,"8",.0,"8",.0,"8",.0,"8",.0,"8",.0,"8",.0,"8",.0,"8",.0,"8",.0,"8",0,"",0,"8","R",8,"",4,"",0,"8"
"350210585","SANDOMIERZ","2020","04","03",11.9,"",-.5,"",5.5,"",-2.2,"",.0,"","",0,"8",.0,"8",5.9,"",.0,"8",.0,"8",.0,"8",.0,"8",.0,"8",.0,"8",.0,"8",.0,"8",.0,"8",.0,"8",.0,"8",.0,"8",.0,"8",.0,"8",.0,"8",.0,"8",0,"",0,"8","R",0,"9",0,"9",0,"8"
"350210585","SANDOMIERZ","2020","04","04",11.7,"",-.1,"",6.2,"",-4.1,"",.0,"9","",0,"8",.0,"8",9.4,"",.0,"8",.0,"8",.0,"8",.0,"8",.0,"8",.0,"8",.0,"8",.0,"8",.0,"8",.0,"8",.0,"8",.0,"8",.0,"8",.0,"8",.0,"8",.0,"8",0,"",0,"8","R",0,"9",0,"9",0,"8"
"350210585","SANDOMIERZ","2020","04","05",13.6,"",-1.3,"",7.0,"",-2.7,"",.0,"9","",0,"8",.0,"8",12.5,"",.0,"8",.0,"8",.0,"8",.0,"8",.0,"8",.0,"8",.0,"8",.0,"8",.0,"8",.0,"8",.0,"8",.0,"8",.0,"8",.0,"8",.0,"8",.0,"8",0,"",0,"8","R",0,"9",0,"9",0,"8"
"350210585","SANDOMIERZ","2020","04","06",18.9,"",2.5,"",11.1,"",.0,"",.0,"9","",0,"8",.0,"8",12.5,"",.0,"8",.0,"8",.0,"8",.0,"8",.0,"8",.0,"8",.0,"8",.0,"8",.0,"8",.0,"8",.0,"8",.0,"8",.0,"8",.0,"8",.0,"8",.0,"8",0,"",0,"8","R",0,"9",0,"9",0,"8"
"350210585","SANDOMIERZ","2020","04","07",20.2,"",2.8,"",12.5,"",-1.0,"",.0,"9","",0,"8",.0,"8",12.5,"",.0,"8",.0,"8",.0,"8",.0,"8",.0,"8",.0,"8",.0,"8",.0,"8",.0,"8",.0,"8",.0,"8",.0,"8",.0,"8",.0,"8",.0,"8",.0,"8",0,"",0,"8","R",0,"9",0,"9",0,"8"
"350210585","SANDOMIERZ","2020","04","08",20.6,"",4.8,"",12.9,"",1.9,"",.0,"9","",0,"8",.0,"8",.0,"8",.0,"8",.0,"8",.0,"8",.0,"8",.0,"8",.0,"8",.0,"8",.0,"8",.0,"8",.0,"8",.0,"8",.0,"8",.0,"8",.0,"8",.0,"8",.0,"8",0,"",0,"8","",0,"8",0,"8",0,"8"
"350210585","SANDOMIERZ","2020","04","09",22.0,"",4.2,"",14.3,"",1.6,"",.0,"9","",0,"8",.0,"8",.0,"8",.0,"8",.0,"8",.0,"8",.0,"8",.0,"8",.0,"8",.0,"8",.0,"8",.0,"8",.0,"8",.0,"8",.0,"8",.0,"8",.0,"8",.0,"8",.0,"8",0,"",0,"8","R",0,"9",0,"9",0,"8"
"350210585","SANDOMIERZ","2020","04","10",17.2,"",4.5,"",9.7,"",3.9,"",.0,"9","",0,"8",.0,"8",12.5,"",.0,"8",.0,"8",.0,"8",.0,"8",.0,"8",.0,"8",.0,"8",.0,"8",.0,"8",.0,"8",.0,"8",.0,"8",.0,"8",.0,"8",.0,"8",.0,"8",0,"",0,"8","R",0,"9",0,"9",0,"8"
"350210585","SANDOMIERZ","2020","04","11",14.6,"",2.5,"",8.6,"",.5,"",.0,"9","",0,"8",.0,"8",12.4,"",.0,"8",.0,"8",.0,"8",.0,"8",.0,"8",.0,"8",.0,"8",.0,"8",.0,"8",.0,"8",.0,"8",.0,"8",.0,"8",.0,"8",.0,"8",.0,"8",0,"",0,"8","R",0,"9",0,"9",0,"8"
"350210585","SANDOMIERZ","2020","04","12",18.9,"",2.2,"",11.1,"",.5,"",.0,"9","",0,"8",.0,"8",12.5,"",.0,"8",.0,"8",.0,"8",.0,"8",.0,"8",.0,"8",.0,"8",.0,"8",.0,"8",.0,"8",.0,"8",.0,"8",.0,"8",.0,"8",.0,"8",.0,"8",0,"",0,"8","R",0,"9",0,"9",0,"8"
"350210585","SANDOMIERZ","2020","04","13",21.3,"",6.9,"",10.7,"",5.4,"",.8,"","",0,"8",.0,"8",6.9,"",.0,"8",.0,"8",.0,"8",.0,"8",.0,"8",.0,"8",.0,"8",.0,"8",.0,"8",.0,"8",.0,"8",.0,"8",.0,"8",.0,"8",.0,"8",.0,"8",0,"",0,"8","R",0,"9",0,"9",0,"8"
"350210585","SANDOMIERZ","2020","04","14",8.4,"",.0,"",4.1,"",-.7,"",.0,"","",0,"8",.0,"8",10.8,"",.0,"8",.0,"8",.0,"8",.0,"8",.0,"8",.0,"8",.0,"8",.0,"8",.0,"8",.0,"8",.0,"8",.0,"8",.0,"8",.0,"8",.0,"8",.0,"8",0,"",0,"8","R",0,"9",0,"9",0,"8"
"350210585","SANDOMIERZ","2020","04","15",10.2,"",-.6,"",5.5,"",-1.4,"",.0,"","",0,"8",.0,"8",1.5,"",.0,"8",.0,"8",.0,"8",.0,"8",.0,"8",.0,"8",.0,"8",.0,"8",.0,"8",.0,"8",.0,"8",.0,"8",.0,"8",.0,"8",.0,"8",.0,"8",0,"",0,"8","R",0,"9",0,"9",0,"8"
"350210585","SANDOMIERZ","2020","04","16",21.4,"",1.8,"",12.4,"",1.1,"",.0,"9","",0,"8",.0,"8",11.8,"",.0,"8",.0,"8",.0,"8",.0,"8",.0,"8",.0,"8",.0,"8",.0,"8",.0,"8",.0,"8",.0,"8",.0,"8",.0,"8",.0,"8",.0,"8",.0,"8",0,"",0,"8","R",0,"9",0,"9",0,"8"
"350210585","SANDOMIERZ","2020","04","17",16.8,"",6.4,"",10.4,"",3.9,"",.0,"9","",0,"8",.0,"8",11.2,"",.0,"8",.0,"8",.0,"8",.0,"8",.0,"8",.0,"8",.0,"8",.0,"8",.0,"8",.0,"8",.0,"8",.0,"8",.0,"8",.0,"8",.0,"8",.0,"8",0,"",0,"8","R",0,"9",0,"9",0,"8"
"350210585","SANDOMIERZ","2020","04","18",13.2,"",.0,"",7.2,"",-2.6,"",.0,"9","",0,"8",.0,"8",13.1,"",.0,"8",.0,"8",.0,"8",.0,"8",.0,"8",.0,"8",.0,"8",.0,"8",.0,"8",.0,"8",.0,"8",.0,"8",.0,"8",.0,"8",.0,"8",.0,"8",0,"",0,"8","R",0,"9",0,"9",0,"8"
"350210585","SANDOMIERZ","2020","04","19",13.8,"",.9,"",7.6,"",-.8,"",.0,"9","",0,"8",.0,"8",13.0,"",.0,"8",.0,"8",.0,"8",.0,"8",.0,"8",.0,"8",.0,"8",.0,"8",.0,"8",.0,"8",.0,"8",.0,"8",.0,"8",.0,"8",.0,"8",.0,"8",0,"",0,"8","R",0,"9",0,"9",0,"8"
"350210585","SANDOMIERZ","2020","04","20",12.5,"",1.3,"",7.8,"",-1.0,"",.0,"9","",0,"8",.0,"8",13.4,"",.0,"8",.0,"8",.0,"8",.0,"8",.0,"8",.0,"8",.0,"8",.0,"8",.0,"8",.0,"8",.0,"8",.0,"8",.0,"8",.0,"8",.0,"8",.0,"8",0,"",0,"8","R",0,"9",0,"9",0,"8"
"350210585","SANDOMIERZ","2020","04","21",13.1,"",1.3,"",8.3,"",-1.6,"",.0,"9","",0,"8",.0,"8",12.3,"",.0,"8",.0,"8",.0,"8",.0,"8",.0,"8",.0,"8",.0,"8",.0,"8",.0,"8",.0,"8",.0,"8",.0,"8",.0,"8",.0,"8",.0,"8",.0,"8",0,"",0,"8","R",0,"9",0,"9",0,"8"
"350210585","SANDOMIERZ","2020","04","22",15.7,"",1.6,"",8.9,"",.4,"",.0,"9","",0,"8",.0,"8",9.1,"",.0,"8",.0,"8",.0,"8",.0,"8",.0,"8",.0,"8",.0,"8",.0,"8",.0,"8",.0,"8",.0,"8",.0,"8",.0,"8",.0,"8",.0,"8",.0,"8",0,"",0,"8","R",0,"9",0,"9",0,"8"
"350210585","SANDOMIERZ","2020","04","23",19.7,"",3.9,"",12.2,"",3.1,"",.0,"9","",0,"8",.0,"8",13.3,"",.0,"8",.0,"8",.0,"8",.0,"8",.0,"8",.0,"8",.0,"8",.0,"8",.0,"8",.0,"8",.0,"8",.0,"8",.0,"8",.0,"8",.0,"8",.0,"8",0,"",0,"8","R",0,"9",0,"9",0,"8"
"350210585","SANDOMIERZ","2020","04","24",20.7,"",5.0,"",13.8,"",.8,"",.0,"","",0,"8",.0,"8",10.8,"",.0,"8",.0,"8",.0,"8",.0,"8",.0,"8",.0,"8",.0,"8",.0,"8",.0,"8",.0,"8",.0,"8",.0,"8",.0,"8",.0,"8",.0,"8",.0,"8",0,"",0,"8","R",0,"9",0,"9",0,"8"
"350210585","SANDOMIERZ","2020","04","25",16.4,"",8.3,"",10.6,"",7.7,"",2.0,"","",0,"8",.0,"8",2.8,"",.0,"8",.0,"8",.0,"8",.0,"8",.0,"8",.0,"8",.0,"8",.0,"8",.0,"8",.0,"8",.0,"8",.0,"8",.0,"8",.0,"8",.0,"8",.0,"8",0,"",0,"8","R",0,"9",0,"9",0,"8"
"350210585","SANDOMIERZ","2020","04","26",14.0,"",1.1,"",8.7,"",.5,"",.0,"","",0,"8",.0,"8",7.9,"",.0,"8",.0,"8",.0,"8",.0,"8",.0,"8",.0,"8",.0,"8",.0,"8",.0,"8",.0,"8",.0,"8",.0,"8",.0,"8",.0,"8",.0,"8",.0,"8",0,"",0,"8","R",0,"9",0,"9",0,"8"
"350210585","SANDOMIERZ","2020","04","27",17.9,"",5.6,"",11.9,"",3.0,"",.0,"9","",0,"8",.0,"8",13.5,"",.0,"8",.0,"8",.0,"8",.0,"8",.0,"8",.0,"8",.0,"8",.0,"8",.0,"8",.0,"8",.0,"8",.0,"8",.0,"8",.0,"8",.0,"8",.0,"8",0,"",0,"8","R",0,"9",0,"9",0,"8"
"350210585","SANDOMIERZ","2020","04","28",22.7,"",5.2,"",14.9,"",3.6,"",.0,"9","",0,"8",.0,"8",13.0,"",.0,"8",.0,"8",.0,"8",.0,"8",.0,"8",.0,"8",.0,"8",.0,"8",.0,"8",.0,"8",.0,"8",.0,"8",.0,"8",.0,"8",.0,"8",.0,"8",0,"",0,"8","R",0,"9",0,"9",0,"8"
"350210585","SANDOMIERZ","2020","04","29",24.5,"",9.9,"",15.9,"",8.3,"",3.9,"","",0,"8",.0,"8",8.5,"",.0,"8",.0,"8",.0,"8",.0,"8",.0,"8",.0,"8",.0,"8",.0,"8",.0,"8",.0,"8",.0,"8",.0,"8",.0,"8",.0,"8",.0,"8",.0,"8",0,"",0,"8","R",0,"9",0,"9",0,"8"
"350210585","SANDOMIERZ","2020","04","30",14.2,"",7.9,"",9.8,"",7.8,"",.0,"9","",0,"8",.0,"8",3.0,"",.0,"8",.0,"8",.0,"8",.0,"8",.0,"8",.0,"8",.0,"8",.0,"8",.0,"8",.0,"8",.0,"8",.0,"8",.0,"8",.0,"8",.0,"8",.0,"8",0,"",0,"8","R",0,"9",0,"9",0,"8"
"350210585","SANDOMIERZ","2020","05","01",19.5,"",5.8,"",11.9,"",5.2,"",5.1,"","",0,"8",.0,"8",6.7,"",.0,"8",.0,"8",.0,"8",.0,"8",.0,"8",.0,"8",.0,"8",.0,"8",.0,"8",.0,"8",.0,"8",.0,"8",.0,"8",.0,"8",.0,"8",.0,"8",0,"",0,"8","R",0,"9",0,"9",0,"8"
"350210585","SANDOMIERZ","2020","05","02",17.4,"",6.4,"",12.3,"",6.1,"",.0,"9","",0,"8",.0,"8",10.3,"",.0,"8",.0,"8",.0,"8",.0,"8",.0,"8",.0,"8",.0,"8",.0,"8",.0,"8",.0,"8",.0,"8",.0,"8",.0,"8",.0,"8",.0,"8",.0,"8",0,"",0,"8","R",0,"9",0,"9",0,"8"
"350210585","SANDOMIERZ","2020","05","03",16.3,"",8.3,"",11.3,"",7.6,"",.0,"9","",0,"8",.0,"8",7.3,"",.0,"8",.0,"8",.0,"8",.0,"8",.0,"8",.0,"8",.0,"8",.0,"8",.0,"8",.0,"8",.0,"8",.0,"8",.0,"8",.0,"8",.0,"8",.0,"8",0,"",0,"8","R",0,"9",0,"9",0,"8"
"350210585","SANDOMIERZ","2020","05","04",16.4,"",7.1,"",11.6,"",7.0,"",.0,"9","",0,"8",.0,"8",7.5,"",.0,"8",.0,"8",.0,"8",.0,"8",.0,"8",.0,"8",.0,"8",.0,"8",.0,"8",.0,"8",.0,"8",.0,"8",.0,"8",.0,"8",.0,"8",.0,"8",0,"",0,"8","R",0,"9",0,"9",0,"8"
"350210585","SANDOMIERZ","2020","05","05",13.0,"",4.9,"",7.8,"",2.5,"",6.5,"","",0,"8",.0,"8",1.8,"",.0,"8",.0,"8",.0,"8",.0,"8",.0,"8",.0,"8",.0,"8",.0,"8",.0,"8",.0,"8",.0,"8",.0,"8",.0,"8",.0,"8",.0,"8",.0,"8",0,"",0,"8","R",0,"9",0,"9",0,"8"
"350210585","SANDOMIERZ","2020","05","06",8.5,"",3.8,"",6.6,"",2.7,"",6.2,"","",0,"8",.0,"8",.0,"9",.0,"8",.0,"8",.0,"8",.0,"8",.0,"8",.0,"8",.0,"8",.0,"8",.0,"8",.0,"8",.0,"8",.0,"8",.0,"8",.0,"8",.0,"8",.0,"8",0,"",0,"8","R",0,"9",0,"9",0,"8"
"350210585","SANDOMIERZ","2020","05","07",15.0,"",3.7,"",9.6,"",3.0,"",.0,"","",0,"8",.0,"8",8.6,"",.0,"8",.0,"8",.0,"8",.0,"8",.0,"8",.0,"8",.0,"8",.0,"8",.0,"8",.0,"8",.0,"8",.0,"8",.0,"8",.0,"8",.0,"8",.0,"8",0,"",0,"8","R",0,"9",0,"9",0,"8"
"350210585","SANDOMIERZ","2020","05","08",18.0,"",5.5,"",12.5,"",4.9,"",.0,"9","",0,"8",.0,"8",13.3,"",.0,"8",.0,"8",.0,"8",.0,"8",.0,"8",.0,"8",.0,"8",.0,"8",.0,"8",.0,"8",.0,"8",.0,"8",.0,"8",.0,"8",.0,"8",.0,"8",0,"",0,"8","R",0,"9",0,"9",0,"8"
"350210585","SANDOMIERZ","2020","05","09",21.4,"",7.6,"",15.3,"",4.3,"",.0,"9","",0,"8",.0,"8",14.0,"",.0,"8",.0,"8",.0,"8",.0,"8",.0,"8",.0,"8",.0,"8",.0,"8",.0,"8",.0,"8",.0,"8",.0,"8",.0,"8",.0,"8",.0,"8",.0,"8",0,"",0,"8","R",0,"9",0,"9",0,"8"
"350210585","SANDOMIERZ","2020","05","10",25.1,"",9.0,"",17.8,"",6.3,"",.0,"9","",0,"8",.0,"8",11.6,"",.0,"8",.0,"8",.0,"8",.0,"8",.0,"8",.0,"8",.0,"8",.0,"8",.0,"8",.0,"8",.0,"8",.0,"8",.0,"8",.0,"8",.0,"8",.0,"8",0,"",0,"8","R",0,"9",0,"9",0,"8"
"350210585","SANDOMIERZ","2020","05","11",26.9,"",14.1,"",20.3,"",11.7,"",1.2,"","",0,"8",.0,"8",10.4,"",.0,"8",.0,"8",.0,"8",.0,"8",.0,"8",.0,"8",.0,"8",.0,"8",.0,"8",.0,"8",.0,"8",.0,"8",.0,"8",.0,"8",.0,"8",.0,"8",0,"",0,"8","R",0,"9",0,"9",0,"8"
"350210585","SANDOMIERZ","2020","05","12",19.8,"",1.8,"",5.8,"",1.6,"",.0,"","",0,"8",.0,"8",4.6,"",.0,"8",.0,"8",.0,"8",.0,"8",.0,"8",.0,"8",.0,"8",.0,"8",.0,"8",.0,"8",.0,"8",.0,"8",.0,"8",.0,"8",.0,"8",.0,"8",0,"",0,"8","R",0,"9",0,"9",0,"8"
"350210585","SANDOMIERZ","2020","05","13",14.9,"",.1,"",7.9,"",-.7,"",4.8,"","",0,"8",.0,"8",9.4,"",.0,"8",.0,"8",.0,"8",.0,"8",.0,"8",.0,"8",.0,"8",.0,"8",.0,"8",.0,"8",.0,"8",.0,"8",.0,"8",.0,"8",.0,"8",.0,"8",0,"",0,"8","R",0,"9",0,"9",0,"8"
"350210585","SANDOMIERZ","2020","05","14",11.8,"",6.4,"",8.2,"",6.2,"",1.2,"","",0,"8",.0,"8",2.5,"",.0,"8",.0,"8",.0,"8",.0,"8",.0,"8",.0,"8",.0,"8",.0,"8",.0,"8",.0,"8",.0,"8",.0,"8",.0,"8",.0,"8",.0,"8",.0,"8",0,"",0,"8","R",0,"9",0,"9",0,"8"
"350210585","SANDOMIERZ","2020","05","15",12.2,"",2.1,"",7.1,"",1.0,"",.0,"9","",0,"8",.0,"8",2.0,"",.0,"8",.0,"8",.0,"8",.0,"8",.0,"8",.0,"8",.0,"8",.0,"8",.0,"8",.0,"8",.0,"8",.0,"8",.0,"8",.0,"8",.0,"8",.0,"8",0,"",0,"8","R",0,"9",0,"9",0,"8"
"350210585","SANDOMIERZ","2020","05","16",16.9,"",2.5,"",10.7,"",1.0,"",.0,"9","",0,"8",.0,"8",12.2,"",.0,"8",.0,"8",.0,"8",.0,"8",.0,"8",.0,"8",.0,"8",.0,"8",.0,"8",.0,"8",.0,"8",.0,"8",.0,"8",.0,"8",.0,"8",.0,"8",0,"",0,"8","R",0,"9",0,"9",0,"8"
"350210585","SANDOMIERZ","2020","05","17",18.9,"",5.7,"",11.7,"",2.1,"",.0,"","",0,"8",.0,"8",9.2,"",.0,"8",.0,"8",.0,"8",.0,"8",.0,"8",.0,"8",.0,"8",.0,"8",.0,"8",.0,"8",.0,"8",.0,"8",.0,"8",.0,"8",.0,"8",.0,"8",0,"",0,"8","R",0,"9",0,"9",0,"8"
"350210585","SANDOMIERZ","2020","05","18",20.2,"",5.4,"",14.5,"",4.8,"",.0,"9","",0,"8",.0,"8",11.1,"",.0,"8",.0,"8",.0,"8",.0,"8",.0,"8",.0,"8",.0,"8",.0,"8",.0,"8",.0,"8",.0,"8",.0,"8",.0,"8",.0,"8",.0,"8",.0,"8",0,"",0,"8","R",0,"9",0,"9",0,"8"
"350210585","SANDOMIERZ","2020","05","19",23.5,"",10.3,"",17.1,"",8.4,"",.0,"","",0,"8",.0,"8",8.1,"",.0,"8",.0,"8",.0,"8",.0,"8",.0,"8",.0,"8",.0,"8",.0,"8",.0,"8",.0,"8",.0,"8",.0,"8",.0,"8",.0,"8",.0,"8",.0,"8",0,"",0,"8","R",0,"9",0,"9",0,"8"
"350210585","SANDOMIERZ","2020","05","20",16.1,"",6.2,"",11.4,"",4.1,"",.0,"9","",0,"8",.0,"8",7.9,"",.0,"8",.0,"8",.0,"8",.0,"8",.0,"8",.0,"8",.0,"8",.0,"8",.0,"8",.0,"8",.0,"8",.0,"8",.0,"8",.0,"8",.0,"8",.0,"8",0,"",0,"8","R",0,"9",0,"9",0,"8"
"350210585","SANDOMIERZ","2020","05","21",14.8,"",4.7,"",9.7,"",4.4,"",.0,"9","",0,"8",.0,"8",13.2,"",.0,"8",.0,"8",.0,"8",.0,"8",.0,"8",.0,"8",.0,"8",.0,"8",.0,"8",.0,"8",.0,"8",.0,"8",.0,"8",.0,"8",.0,"8",.0,"8",0,"",0,"8","R",0,"9",0,"9",0,"8"
"350210585","SANDOMIERZ","2020","05","22",16.7,"",2.0,"",9.6,"",.8,"",.0,"9","",0,"8",.0,"8",14.6,"",.0,"8",.0,"8",.0,"8",.0,"8",.0,"8",.0,"8",.0,"8",.0,"8",.0,"8",.0,"8",.0,"8",.0,"8",.0,"8",.0,"8",.0,"8",.0,"8",0,"",0,"8","R",0,"9",0,"9",0,"8"
"350210585","SANDOMIERZ","2020","05","23",18.5,"",3.6,"",12.7,"",1.5,"",9.8,"","",0,"8",.0,"8",8.8,"",.0,"8",.0,"8",.0,"8",.0,"8",.0,"8",.0,"8",.0,"8",.0,"8",.0,"8",.0,"8",.0,"8",.0,"8",.0,"8",.0,"8",.0,"8",.0,"8",0,"",0,"8","R",0,"9",0,"9",0,"8"
"350210585","SANDOMIERZ","2020","05","24",17.6,"",8.9,"",12.6,"",8.8,"",.5,"","",0,"8",.0,"8",6.5,"",.0,"8",.0,"8",.0,"8",.0,"8",.0,"8",.0,"8",.0,"8",.0,"8",.0,"8",.0,"8",.0,"8",.0,"8",.0,"8",.0,"8",.0,"8",.0,"8",0,"",0,"8","R",0,"9",0,"9",0,"8"
"350210585","SANDOMIERZ","2020","05","25",14.7,"",7.8,"",10.4,"",5.8,"",1.8,"","",0,"8",.0,"8",4.1,"",.0,"8",.0,"8",.0,"8",.0,"8",.0,"8",.0,"8",.0,"8",.0,"8",.0,"8",.0,"8",.0,"8",.0,"8",.0,"8",.0,"8",.0,"8",.0,"8",0,"",0,"8","R",0,"9",0,"9",0,"8"
"350210585","SANDOMIERZ","2020","05","26",19.1,"",7.9,"",12.0,"",7.5,"",.5,"","",0,"8",.0,"8",4.5,"",.0,"8",.0,"8",.0,"8",.0,"8",.0,"8",.0,"8",.0,"8",.0,"8",.0,"8",.0,"8",.0,"8",.0,"8",.0,"8",.0,"8",.0,"8",.0,"8",0,"",0,"8","R",0,"9",0,"9",0,"8"
"350210585","SANDOMIERZ","2020","05","27",20.3,"",8.9,"",13.4,"",8.5,"",5.2,"","",0,"8",.0,"8",9.0,"",.0,"8",.0,"8",.0,"8",.0,"8",.0,"8",.0,"8",.0,"8",.0,"8",.0,"8",.0,"8",.0,"8",.0,"8",.0,"8",.0,"8",.0,"8",.0,"8",0,"",0,"8","R",0,"9",0,"9",0,"8"
"350210585","SANDOMIERZ","2020","05","28",20.1,"",9.5,"",14.0,"",7.4,"",.5,"","",0,"8",.0,"8",10.8,"",.0,"8",.0,"8",.0,"8",.0,"8",.0,"8",.0,"8",.0,"8",.0,"8",.0,"8",.0,"8",.0,"8",.0,"8",.0,"8",.0,"8",.0,"8",.0,"8",0,"",0,"8","R",0,"9",0,"9",0,"8"
"350210585","SANDOMIERZ","2020","05","29",18.8,"",10.8,"",13.8,"",10.6,"",.0,"","",0,"8",.0,"8",11.9,"",.0,"8",.0,"8",.0,"8",.0,"8",.0,"8",.0,"8",.0,"8",.0,"8",.0,"8",.0,"8",.0,"8",.0,"8",.0,"8",.0,"8",.0,"8",.0,"8",0,"",0,"8","R",0,"9",0,"9",0,"8"
"350210585","SANDOMIERZ","2020","05","30",14.1,"",9.5,"",10.6,"",9.5,"",18.8,"","",0,"8",.0,"8",.7,"",.0,"8",.0,"8",.0,"8",.0,"8",.0,"8",.0,"8",.0,"8",.0,"8",.0,"8",.0,"8",.0,"8",.0,"8",.0,"8",.0,"8",.0,"8",.0,"8",0,"",0,"8","R",0,"9",0,"9",0,"8"
"350210585","SANDOMIERZ","2020","05","31",14.5,"",9.2,"",12.3,"",8.9,"",1.4,"","",0,"8",.0,"8",.1,"",.0,"8",.0,"8",.0,"8",.0,"8",.0,"8",.0,"8",.0,"8",.0,"8",.0,"8",.0,"8",.0,"8",.0,"8",.0,"8",.0,"8",.0,"8",.0,"8",0,"",0,"8","R",0,"9",0,"9",0,"8"
"350210585","SANDOMIERZ","2020","06","01",18.2,"",10.1,"",13.5,"",9.5,"",.0,"","",0,"8",.0,"8",12.7,"",.0,"8",.0,"8",.0,"8",.0,"8",.0,"8",.0,"8",.0,"8",.0,"8",.0,"8",.0,"8",.0,"8",.0,"8",.0,"8",.0,"8",.0,"8",.0,"8",0,"",0,"8","R",0,"9",0,"9",0,"8"
"350210585","SANDOMIERZ","2020","06","02",18.4,"",8.0,"",12.8,"",6.0,"",.0,"","",0,"8",.0,"8",9.8,"",.0,"8",.0,"8",.0,"8",.0,"8",.0,"8",.0,"8",.0,"8",.0,"8",.0,"8",.0,"8",.0,"8",.0,"8",.0,"8",.0,"8",.0,"8",.0,"8",0,"",0,"8","R",0,"9",0,"9",0,"8"
"350210585","SANDOMIERZ","2020","06","03",14.5,"",7.9,"",10.6,"",6.0,"",.6,"","",0,"8",.0,"8",3.1,"",.0,"8",.0,"8",.0,"8",.0,"8",.0,"8",.0,"8",.0,"8",.0,"8",.0,"8",.0,"8",.0,"8",.0,"8",.0,"8",.0,"8",.0,"8",.0,"8",0,"",0,"8","R",0,"9",0,"9",0,"8"
"350210585","SANDOMIERZ","2020","06","04",21.4,"",5.9,"",14.5,"",3.9,"",.0,"","",0,"8",.0,"8",12.0,"",.0,"8",.0,"8",.0,"8",.0,"8",.0,"8",.0,"8",.0,"8",.0,"8",.0,"8",.0,"8",.0,"8",.0,"8",.0,"8",.0,"8",.0,"8",.0,"8",0,"",0,"8","R",0,"9",0,"9",0,"8"
"350210585","SANDOMIERZ","2020","06","05",22.7,"",13.3,"",17.5,"",13.1,"",1.4,"","",0,"8",.0,"8",3.9,"",.0,"8",.0,"8",.0,"8",.0,"8",.0,"8",.0,"8",.0,"8",.0,"8",.0,"8",.0,"8",.0,"8",.0,"8",.0,"8",.0,"8",.0,"8",.0,"8",0,"",0,"8","R",0,"9",0,"9",0,"8"
"350210585","SANDOMIERZ","2020","06","06",26.3,"",11.6,"",19.1,"",11.1,"",.0,"9","",0,"8",.0,"8",13.2,"",.0,"8",.0,"8",.0,"8",.0,"8",.0,"8",.0,"8",.0,"8",.0,"8",.0,"8",.0,"8",.0,"8",.0,"8",.0,"8",.0,"8",.0,"8",.0,"8",0,"",0,"8","R",0,"9",0,"9",0,"8"
"350210585","SANDOMIERZ","2020","06","07",29.2,"",15.7,"",20.6,"",14.3,"",.5,"","",0,"8",.0,"8",7.2,"",.0,"8",.0,"8",.0,"8",.0,"8",.0,"8",.0,"8",.0,"8",.0,"8",.0,"8",.0,"8",.0,"8",.0,"8",.0,"8",.0,"8",.0,"8",.0,"8",0,"",0,"8","R",0,"9",0,"9",0,"8"
"350210585","SANDOMIERZ","2020","06","08",24.1,"",15.3,"",18.2,"",12.6,"",2.4,"","",0,"8",.0,"8",4.7,"",.0,"8",.0,"8",.0,"8",.0,"8",.0,"8",.0,"8",.0,"8",.0,"8",.0,"8",.0,"8",.0,"8",.0,"8",.0,"8",.0,"8",.0,"8",.0,"8",0,"",0,"8","R",0,"9",0,"9",0,"8"
"350210585","SANDOMIERZ","2020","06","09",16.7,"",13.2,"",14.8,"",13.1,"",.0,"","",0,"8",.0,"8",.0,"9",.0,"8",.0,"8",.0,"8",.0,"8",.0,"8",.0,"8",.0,"8",.0,"8",.0,"8",.0,"8",.0,"8",.0,"8",.0,"8",.0,"8",.0,"8",.0,"8",0,"",0,"8","R",0,"9",0,"9",0,"8"
"350210585","SANDOMIERZ","2020","06","10",21.8,"",14.3,"",17.2,"",14.2,"",2.8,"","",0,"8",.0,"8",1.0,"",.0,"8",.0,"8",.0,"8",.0,"8",.0,"8",.0,"8",.0,"8",.0,"8",.0,"8",.0,"8",.0,"8",.0,"8",.0,"8",.0,"8",.0,"8",.0,"8",0,"",0,"8","R",0,"9",0,"9",0,"8"
"350210585","SANDOMIERZ","2020","06","11",25.4,"",14.6,"",18.5,"",14.9,"",17.0,"","",0,"8",.0,"8",7.8,"",.0,"8",.0,"8",.0,"8",.0,"8",.0,"8",.0,"8",.0,"8",.0,"8",.0,"8",.0,"8",.0,"8",.0,"8",.0,"8",.0,"8",.0,"8",.0,"8",0,"",0,"8","R",0,"9",0,"9",0,"8"
"350210585","SANDOMIERZ","2020","06","12",28.0,"",14.1,"",21.4,"",14.0,"",.0,"9","",0,"8",.0,"8",13.8,"",.0,"8",.0,"8",.0,"8",.0,"8",.0,"8",.0,"8",.0,"8",.0,"8",.0,"8",.0,"8",.0,"8",.0,"8",.0,"8",.0,"8",.0,"8",.0,"8",0,"",0,"8","R",0,"9",0,"9",0,"8"
"350210585","SANDOMIERZ","2020","06","13",28.6,"",19.0,"",23.6,"",18.7,"",.0,"9","",0,"8",.0,"8",14.4,"",.0,"8",.0,"8",.0,"8",.0,"8",.0,"8",.0,"8",.0,"8",.0,"8",.0,"8",.0,"8",.0,"8",.0,"8",.0,"8",.0,"8",.0,"8",.0,"8",0,"",0,"8","R",0,"9",0,"9",0,"8"
"350210585","SANDOMIERZ","2020","06","14",24.2,"",16.0,"",16.8,"",16.3,"",.0,"9","",0,"8",.0,"8",.3,"",.0,"8",.0,"8",.0,"8",.0,"8",.0,"8",.0,"8",.0,"8",.0,"8",.0,"8",.0,"8",.0,"8",.0,"8",.0,"8",.0,"8",.0,"8",.0,"8",0,"",0,"8","R",0,"9",0,"9",0,"8"
"350210585","SANDOMIERZ","2020","06","15",20.1,"",11.4,"",16.4,"",11.3,"",1.2,"","",0,"8",.0,"8",3.7,"",.0,"8",.0,"8",.0,"8",.0,"8",.0,"8",.0,"8",.0,"8",.0,"8",.0,"8",.0,"8",.0,"8",.0,"8",.0,"8",.0,"8",.0,"8",.0,"8",0,"",0,"8","R",0,"9",0,"9",0,"8"
"350210585","SANDOMIERZ","2020","06","16",23.6,"",14.0,"",18.5,"",13.8,"",4.3,"","",0,"8",.0,"8",6.9,"",.0,"8",.0,"8",.0,"8",.0,"8",.0,"8",.0,"8",.0,"8",.0,"8",.0,"8",.0,"8",.0,"8",.0,"8",.0,"8",.0,"8",.0,"8",.0,"8",0,"",0,"8","R",0,"9",0,"9",0,"8"
"350210585","SANDOMIERZ","2020","06","17",22.8,"",15.2,"",19.2,"",15.0,"",21.0,"","",0,"8",.0,"8",4.2,"",.0,"8",.0,"8",.0,"8",.0,"8",.0,"8",.0,"8",.0,"8",.0,"8",.0,"8",.0,"8",.0,"8",.0,"8",.0,"8",.0,"8",.0,"8",.0,"8",0,"",0,"8","R",0,"9",0,"9",0,"8"
"350210585","SANDOMIERZ","2020","06","18",25.5,"",15.1,"",20.0,"",15.0,"",.1,"","",0,"8",.0,"8",6.4,"",.0,"8",.0,"8",.0,"8",.0,"8",.0,"8",.0,"8",.0,"8",.0,"8",.0,"8",.0,"8",.0,"8",.0,"8",.0,"8",.0,"8",.0,"8",.0,"8",0,"",0,"8","R",0,"9",0,"9",0,"8"
"350210585","SANDOMIERZ","2020","06","19",24.0,"",15.7,"",18.5,"",13.9,"",.9,"","",0,"8",.0,"8",3.4,"",.0,"8",.0,"8",.0,"8",.0,"8",.0,"8",.0,"8",.0,"8",.0,"8",.0,"8",.0,"8",.0,"8",.0,"8",.0,"8",.0,"8",.0,"8",.0,"8",0,"",0,"8","R",0,"9",0,"9",0,"8"
"350210585","SANDOMIERZ","2020","06","20",24.1,"",16.5,"",19.4,"",16.5,"",3.3,"","",0,"8",.0,"8",3.4,"",.0,"8",.0,"8",.0,"8",.0,"8",.0,"8",.0,"8",.0,"8",.0,"8",.0,"8",.0,"8",.0,"8",.0,"8",.0,"8",.0,"8",.0,"8",.0,"8",0,"",0,"8","R",0,"9",0,"9",0,"8"
"350210585","SANDOMIERZ","2020","06","21",24.6,"",16.4,"",19.5,"",16.1,"",9.5,"","",0,"8",.0,"8",5.1,"",.0,"8",.0,"8",.0,"8",.0,"8",.0,"8",.0,"8",.0,"8",.0,"8",.0,"8",.0,"8",.0,"8",.0,"8",.0,"8",.0,"8",.0,"8",.0,"8",0,"",0,"8","R",0,"9",0,"9",0,"8"
"350210585","SANDOMIERZ","2020","06","22",22.1,"",17.5,"",18.9,"",17.1,"",25.8,"","",0,"8",.0,"8",.1,"",.0,"8",.0,"8",.0,"8",.0,"8",.0,"8",.0,"8",.0,"8",.0,"8",.0,"8",.0,"8",.0,"8",.0,"8",.0,"8",.0,"8",.0,"8",.0,"8",0,"",0,"8","R",0,"9",0,"9",0,"8"
"350210585","SANDOMIERZ","2020","06","23",21.0,"",14.9,"",17.2,"",14.7,"",4.1,"","",0,"8",.0,"8",2.6,"",.0,"8",.0,"8",.0,"8",.0,"8",.0,"8",.0,"8",.0,"8",.0,"8",.0,"8",.0,"8",.0,"8",.0,"8",.0,"8",.0,"8",.0,"8",.0,"8",0,"",0,"8","R",0,"9",0,"9",0,"8"
"350210585","SANDOMIERZ","2020","06","24",18.9,"",14.8,"",16.5,"",14.6,"",1.3,"","",0,"8",.0,"8",.1,"",.0,"8",.0,"8",.0,"8",.0,"8",.0,"8",.0,"8",.0,"8",.0,"8",.0,"8",.0,"8",.0,"8",.0,"8",.0,"8",.0,"8",.0,"8",.0,"8",0,"",0,"8","R",0,"9",0,"9",0,"8"
"350210585","SANDOMIERZ","2020","06","25",25.3,"",14.4,"",19.5,"",13.2,"",4.2,"","",0,"8",.0,"8",5.1,"",.0,"8",.0,"8",.0,"8",.0,"8",.0,"8",.0,"8",.0,"8",.0,"8",.0,"8",.0,"8",.0,"8",.0,"8",.0,"8",.0,"8",.0,"8",.0,"8",0,"",0,"8","R",0,"9",0,"9",0,"8"
"350210585","SANDOMIERZ","2020","06","26",27.5,"",16.5,"",20.1,"",15.7,"",8.8,"","",0,"8",.0,"8",9.4,"",.0,"8",.0,"8",.0,"8",.0,"8",.0,"8",.0,"8",.0,"8",.0,"8",.0,"8",.0,"8",.0,"8",.0,"8",.0,"8",.0,"8",.0,"8",.0,"8",0,"",0,"8","R",0,"9",0,"9",0,"8"
"350210585","SANDOMIERZ","2020","06","27",28.0,"",16.1,"",21.7,"",15.7,"",.5,"","",0,"8",.0,"8",10.9,"",.0,"8",.0,"8",.0,"8",.0,"8",.0,"8",.0,"8",.0,"8",.0,"8",.0,"8",.0,"8",.0,"8",.0,"8",.0,"8",.0,"8",.0,"8",.0,"8",0,"",0,"8","R",0,"9",0,"9",0,"8"
"350210585","SANDOMIERZ","2020","06","28",29.2,"",17.6,"",23.7,"",17.1,"",.0,"9","",0,"8",.0,"8",13.5,"",.0,"8",.0,"8",.0,"8",.0,"8",.0,"8",.0,"8",.0,"8",.0,"8",.0,"8",.0,"8",.0,"8",.0,"8",.0,"8",.0,"8",.0,"8",.0,"8",0,"",0,"8","R",0,"9",0,"9",0,"8"
"350210585","SANDOMIERZ","2020","06","29",28.8,"",16.7,"",21.0,"",16.6,"",4.6,"","",0,"8",.0,"8",8.6,"",.0,"8",.0,"8",.0,"8",.0,"8",.0,"8",.0,"8",.0,"8",.0,"8",.0,"8",.0,"8",.0,"8",.0,"8",.0,"8",.0,"8",.0,"8",.0,"8",0,"",0,"8","R",0,"9",0,"9",0,"8"
"350210585","SANDOMIERZ","2020","06","30",24.4,"",14.3,"",19.4,"",13.6,"",.0,"9","",0,"8",.0,"8",13.5,"",.0,"8",.0,"8",.0,"8",.0,"8",.0,"8",.0,"8",.0,"8",.0,"8",.0,"8",.0,"8",.0,"8",.0,"8",.0,"8",.0,"8",.0,"8",.0,"8",0,"",0,"8","R",0,"9",0,"9",0,"8"
"350210585","SANDOMIERZ","2020","07","01",28.0,"",14.6,"",21.9,"",12.9,"",6.2,"","",0,"8",.0,"8",14.5,"",.0,"8",.0,"8",.0,"8",.0,"8",.0,"8",.0,"8",.0,"8",.0,"8",.0,"8",.0,"8",.0,"8",.0,"8",.0,"8",.0,"8",.0,"8",.0,"8",0,"",0,"8","R",0,"9",0,"9",0,"8"
"350210585","SANDOMIERZ","2020","07","02",25.1,"",18.7,"",20.1,"",18.0,"",3.9,"","",0,"8",.0,"8",3.5,"",.0,"8",.0,"8",.0,"8",.0,"8",.0,"8",.0,"8",.0,"8",.0,"8",.0,"8",.0,"8",.0,"8",.0,"8",.0,"8",.0,"8",.0,"8",.0,"8",0,"",0,"8","R",0,"9",0,"9",0,"8"
"350210585","SANDOMIERZ","2020","07","03",24.6,"",17.2,"",19.6,"",16.1,"",23.9,"","",0,"8",.0,"8",3.6,"",.0,"8",.0,"8",.0,"8",.0,"8",.0,"8",.0,"8",.0,"8",.0,"8",.0,"8",.0,"8",.0,"8",.0,"8",.0,"8",.0,"8",.0,"8",.0,"8",0,"",0,"8","R",0,"9",0,"9",0,"8"
"350210585","SANDOMIERZ","2020","07","04",25.1,"",14.5,"",20.3,"",14.3,"",.0,"9","",0,"8",.0,"8",14.5,"",.0,"8",.0,"8",.0,"8",.0,"8",.0,"8",.0,"8",.0,"8",.0,"8",.0,"8",.0,"8",.0,"8",.0,"8",.0,"8",.0,"8",.0,"8",.0,"8",0,"",0,"8","R",0,"9",0,"9",0,"8"
"350210585","SANDOMIERZ","2020","07","05",27.8,"",14.5,"",22.0,"",14.1,"",.0,"9","",0,"8",.0,"8",15.0,"",.0,"8",.0,"8",.0,"8",.0,"8",.0,"8",.0,"8",.0,"8",.0,"8",.0,"8",.0,"8",.0,"8",.0,"8",.0,"8",.0,"8",.0,"8",.0,"8",0,"",0,"8","R",0,"9",0,"9",0,"8"
"350210585","SANDOMIERZ","2020","07","06",29.1,"",16.8,"",21.9,"",16.5,"",1.0,"","",0,"8",.0,"8",12.0,"",.0,"8",.0,"8",.0,"8",.0,"8",.0,"8",.0,"8",.0,"8",.0,"8",.0,"8",.0,"8",.0,"8",.0,"8",.0,"8",.0,"8",.0,"8",.0,"8",0,"",0,"8","R",0,"9",0,"9",0,"8"
"350210585","SANDOMIERZ","2020","07","07",19.9,"",13.8,"",15.4,"",13.7,"",.0,"","",0,"8",.0,"8",5.5,"",.0,"8",.0,"8",.0,"8",.0,"8",.0,"8",.0,"8",.0,"8",.0,"8",.0,"8",.0,"8",.0,"8",.0,"8",.0,"8",.0,"8",.0,"8",.0,"8",0,"",0,"8","R",0,"9",0,"9",0,"8"
"350210585","SANDOMIERZ","2020","07","08",20.1,"",8.0,"",14.0,"",7.3,"",3.2,"","",0,"8",.0,"8",3.6,"",.0,"8",.0,"8",.0,"8",.0,"8",.0,"8",.0,"8",.0,"8",.0,"8",.0,"8",.0,"8",.0,"8",.0,"8",.0,"8",.0,"8",.0,"8",.0,"8",0,"",0,"8","R",0,"9",0,"9",0,"8"
"350210585","SANDOMIERZ","2020","07","09",21.4,"",12.4,"",16.9,"",12.3,"",.4,"","",0,"8",.0,"8",9.1,"",.0,"8",.0,"8",.0,"8",.0,"8",.0,"8",.0,"8",.0,"8",.0,"8",.0,"8",.0,"8",.0,"8",.0,"8",.0,"8",.0,"8",.0,"8",.0,"8",0,"",0,"8","R",0,"9",0,"9",0,"8"
"350210585","SANDOMIERZ","2020","07","10",29.6,"",15.9,"",23.1,"",14.9,"",.0,"9","",0,"8",.0,"8",12.1,"",.0,"8",.0,"8",.0,"8",.0,"8",.0,"8",.0,"8",.0,"8",.0,"8",.0,"8",.0,"8",.0,"8",.0,"8",.0,"8",.0,"8",.0,"8",.0,"8",0,"",0,"8","R",0,"9",0,"9",0,"8"
"350210585","SANDOMIERZ","2020","07","11",26.2,"",11.5,"",16.1,"",11.8,"",4.8,"","",0,"8",.0,"8",2.6,"",.0,"8",.0,"8",.0,"8",.0,"8",.0,"8",.0,"8",.0,"8",.0,"8",.0,"8",.0,"8",.0,"8",.0,"8",.0,"8",.0,"8",.0,"8",.0,"8",0,"",0,"8","R",0,"9",0,"9",0,"8"
"350210585","SANDOMIERZ","2020","07","12",19.6,"",11.2,"",14.3,"",11.1,"",.0,"","",0,"8",.0,"8",4.8,"",.0,"8",.0,"8",.0,"8",.0,"8",.0,"8",.0,"8",.0,"8",.0,"8",.0,"8",.0,"8",.0,"8",.0,"8",.0,"8",.0,"8",.0,"8",.0,"8",0,"",0,"8","R",0,"9",0,"9",0,"8"
"350210585","SANDOMIERZ","2020","07","13",17.9,"",9.8,"",14.2,"",9.3,"",.0,"","",0,"8",.0,"8",2.1,"",.0,"8",.0,"8",.0,"8",.0,"8",.0,"8",.0,"8",.0,"8",.0,"8",.0,"8",.0,"8",.0,"8",.0,"8",.0,"8",.0,"8",.0,"8",.0,"8",0,"",0,"8","R",0,"9",0,"9",0,"8"
"350210585","SANDOMIERZ","2020","07","14",22.2,"",10.6,"",16.8,"",10.1,"",.0,"9","",0,"8",.0,"8",11.1,"",.0,"8",.0,"8",.0,"8",.0,"8",.0,"8",.0,"8",.0,"8",.0,"8",.0,"8",.0,"8",.0,"8",.0,"8",.0,"8",.0,"8",.0,"8",.0,"8",0,"",0,"8","R",0,"9",0,"9",0,"8"
"350210585","SANDOMIERZ","2020","07","15",24.9,"",11.7,"",19.3,"",9.8,"",.0,"9","",0,"8",.0,"8",14.6,"",.0,"8",.0,"8",.0,"8",.0,"8",.0,"8",.0,"8",.0,"8",.0,"8",.0,"8",.0,"8",.0,"8",.0,"8",.0,"8",.0,"8",.0,"8",.0,"8",0,"",0,"8","R",0,"9",0,"9",0,"8"
"350210585","SANDOMIERZ","2020","07","16",23.4,"",12.9,"",17.3,"",11.1,"",.0,"","",0,"8",.0,"8",6.3,"",.0,"8",.0,"8",.0,"8",.0,"8",.0,"8",.0,"8",.0,"8",.0,"8",.0,"8",.0,"8",.0,"8",.0,"8",.0,"8",.0,"8",.0,"8",.0,"8",0,"",0,"8","R",0,"9",0,"9",0,"8"
"350210585","SANDOMIERZ","2020","07","17",20.5,"",13.1,"",16.3,"",13.1,"",.4,"","",0,"8",.0,"8",2.7,"",.0,"8",.0,"8",.0,"8",.0,"8",.0,"8",.0,"8",.0,"8",.0,"8",.0,"8",.0,"8",.0,"8",.0,"8",.0,"8",.0,"8",.0,"8",.0,"8",0,"",0,"8","R",0,"9",0,"9",0,"8"
"350210585","SANDOMIERZ","2020","07","18",27.3,"",14.0,"",20.4,"",13.8,"",.0,"","",0,"8",.0,"8",8.4,"",.0,"8",.0,"8",.0,"8",.0,"8",.0,"8",.0,"8",.0,"8",.0,"8",.0,"8",.0,"8",.0,"8",.0,"8",.0,"8",.0,"8",.0,"8",.0,"8",0,"",0,"8","R",0,"9",0,"9",0,"8"
"350210585","SANDOMIERZ","2020","07","19",25.3,"",16.9,"",19.0,"",16.1,"",11.2,"","",0,"8",.0,"8",3.4,"",.0,"8",.0,"8",.0,"8",.0,"8",.0,"8",.0,"8",.0,"8",.0,"8",.0,"8",.0,"8",.0,"8",.0,"8",.0,"8",.0,"8",.0,"8",.0,"8",0,"",0,"8","R",0,"9",0,"9",0,"8"
"350210585","SANDOMIERZ","2020","07","20",26.9,"",13.6,"",20.3,"",12.4,"",3.2,"","",0,"8",.0,"8",11.3,"",.0,"8",.0,"8",.0,"8",.0,"8",.0,"8",.0,"8",.0,"8",.0,"8",.0,"8",.0,"8",.0,"8",.0,"8",.0,"8",.0,"8",.0,"8",.0,"8",0,"",0,"8","R",0,"9",0,"9",0,"8"
"350210585","SANDOMIERZ","2020","07","21",23.4,"",14.1,"",18.3,"",13.0,"",.0,"9","",0,"8",.0,"8",8.9,"",.0,"8",.0,"8",.0,"8",.0,"8",.0,"8",.0,"8",.0,"8",.0,"8",.0,"8",.0,"8",.0,"8",.0,"8",.0,"8",.0,"8",.0,"8",.0,"8",0,"",0,"8","R",0,"9",0,"9",0,"8"
"350210585","SANDOMIERZ","2020","07","22",22.6,"",12.3,"",17.4,"",11.3,"",.0,"9","",0,"8",.0,"8",11.8,"",.0,"8",.0,"8",.0,"8",.0,"8",.0,"8",.0,"8",.0,"8",.0,"8",.0,"8",.0,"8",.0,"8",.0,"8",.0,"8",.0,"8",.0,"8",.0,"8",0,"",0,"8","R",0,"9",0,"9",0,"8"
"350210585","SANDOMIERZ","2020","07","23",22.1,"",12.6,"",17.2,"",11.0,"",.0,"","",0,"8",.0,"8",6.3,"",.0,"8",.0,"8",.0,"8",.0,"8",.0,"8",.0,"8",.0,"8",.0,"8",.0,"8",.0,"8",.0,"8",.0,"8",.0,"8",.0,"8",.0,"8",.0,"8",0,"",0,"8","R",0,"9",0,"9",0,"8"
"350210585","SANDOMIERZ","2020","07","24",25.3,"",13.2,"",19.8,"",11.0,"",.0,"9","",0,"8",.0,"8",12.2,"",.0,"8",.0,"8",.0,"8",.0,"8",.0,"8",.0,"8",.0,"8",.0,"8",.0,"8",.0,"8",.0,"8",.0,"8",.0,"8",.0,"8",.0,"8",.0,"8",0,"",0,"8","R",0,"9",0,"9",0,"8"
"350210585","SANDOMIERZ","2020","07","25",27.1,"",14.9,"",21.7,"",14.1,"",.0,"9","",0,"8",.0,"8",11.8,"",.0,"8",.0,"8",.0,"8",.0,"8",.0,"8",.0,"8",.0,"8",.0,"8",.0,"8",.0,"8",.0,"8",.0,"8",.0,"8",.0,"8",.0,"8",.0,"8",0,"",0,"8","R",0,"9",0,"9",0,"8"
"350210585","SANDOMIERZ","2020","07","26",28.1,"",14.2,"",21.7,"",13.7,"",.0,"","",0,"8",.0,"8",13.1,"",.0,"8",.0,"8",.0,"8",.0,"8",.0,"8",.0,"8",.0,"8",.0,"8",.0,"8",.0,"8",.0,"8",.0,"8",.0,"8",.0,"8",.0,"8",.0,"8",0,"",0,"8","R",0,"9",0,"9",0,"8"
"350210585","SANDOMIERZ","2020","07","27",25.6,"",17.4,"",19.9,"",17.2,"",2.8,"","",0,"8",.0,"8",5.8,"",.0,"8",.0,"8",.0,"8",.0,"8",.0,"8",.0,"8",.0,"8",.0,"8",.0,"8",.0,"8",.0,"8",.0,"8",.0,"8",.0,"8",.0,"8",.0,"8",0,"",0,"8","R",0,"9",0,"9",0,"8"
"350210585","SANDOMIERZ","2020","07","28",29.1,"",15.4,"",22.4,"",13.5,"",.0,"","",0,"8",.0,"8",12.1,"",.0,"8",.0,"8",.0,"8",.0,"8",.0,"8",.0,"8",.0,"8",.0,"8",.0,"8",.0,"8",.0,"8",.0,"8",.0,"8",.0,"8",.0,"8",.0,"8",0,"",0,"8","R",0,"9",0,"9",0,"8"
"350210585","SANDOMIERZ","2020","07","29",26.6,"",19.3,"",22.5,"",18.6,"",.0,"9","",0,"8",.0,"8",11.7,"",.0,"8",.0,"8",.0,"8",.0,"8",.0,"8",.0,"8",.0,"8",.0,"8",.0,"8",.0,"8",.0,"8",.0,"8",.0,"8",.0,"8",.0,"8",.0,"8",0,"",0,"8","R",0,"9",0,"9",0,"8"
"350210585","SANDOMIERZ","2020","07","30",26.7,"",15.4,"",20.6,"",13.9,"",.0,"","",0,"8",.0,"8",13.1,"",.0,"8",.0,"8",.0,"8",.0,"8",.0,"8",.0,"8",.0,"8",.0,"8",.0,"8",.0,"8",.0,"8",.0,"8",.0,"8",.0,"8",.0,"8",.0,"8",0,"",0,"8","R",0,"9",0,"9",0,"8"
"350210585","SANDOMIERZ","2020","07","31",25.0,"",14.0,"",19.2,"",12.9,"",.0,"","",0,"8",.0,"8",11.1,"",.0,"8",.0,"8",.0,"8",.0,"8",.0,"8",.0,"8",.0,"8",.0,"8",.0,"8",.0,"8",.0,"8",.0,"8",.0,"8",.0,"8",.0,"8",.0,"8",0,"",0,"8","R",0,"9",0,"9",0,"8"
"350210585","SANDOMIERZ","2020","08","01",21.4,"",11.7,"",16.0,"",11.3,"",.0,"9","",0,"8",.0,"8",6.9,"",.0,"8",.0,"8",.0,"8",.0,"8",.0,"8",.0,"8",.0,"8",.0,"8",.0,"8",.0,"8",.0,"8",.0,"8",.0,"8",.0,"8",.0,"8",.0,"8",0,"",0,"8","R",0,"9",0,"9",0,"8"
"350210585","SANDOMIERZ","2020","08","02",25.8,"",10.4,"",19.6,"",8.6,"",.0,"9","",0,"8",.0,"8",13.4,"",.0,"8",.0,"8",.0,"8",.0,"8",.0,"8",.0,"8",.0,"8",.0,"8",.0,"8",.0,"8",.0,"8",.0,"8",.0,"8",.0,"8",.0,"8",.0,"8",0,"",0,"8","R",0,"9",0,"9",0,"8"
"350210585","SANDOMIERZ","2020","08","03",28.3,"",14.1,"",20.7,"",13.2,"",.0,"","",0,"8",.0,"8",9.0,"",.0,"8",.0,"8",.0,"8",.0,"8",.0,"8",.0,"8",.0,"8",.0,"8",.0,"8",.0,"8",.0,"8",.0,"8",.0,"8",.0,"8",.0,"8",.0,"8",0,"",0,"8","R",0,"9",0,"9",0,"8"
"350210585","SANDOMIERZ","2020","08","04",26.1,"",17.0,"",20.2,"",16.8,"",.6,"","",0,"8",.0,"8",5.9,"",.0,"8",.0,"8",.0,"8",.0,"8",.0,"8",.0,"8",.0,"8",.0,"8",.0,"8",.0,"8",.0,"8",.0,"8",.0,"8",.0,"8",.0,"8",.0,"8",0,"",0,"8","R",0,"9",0,"9",0,"8"
"350210585","SANDOMIERZ","2020","08","05",20.3,"",16.2,"",17.5,"",16.2,"",.0,"","",0,"8",.0,"8",.0,"9",.0,"8",.0,"8",.0,"8",.0,"8",.0,"8",.0,"8",.0,"8",.0,"8",.0,"8",.0,"8",.0,"8",.0,"8",.0,"8",.0,"8",.0,"8",.0,"8",0,"",0,"8","R",0,"9",0,"9",0,"8"
"350210585","SANDOMIERZ","2020","08","06",29.9,"",15.2,"",22.3,"",14.1,"",.0,"9","",0,"8",.0,"8",10.9,"",.0,"8",.0,"8",.0,"8",.0,"8",.0,"8",.0,"8",.0,"8",.0,"8",.0,"8",.0,"8",.0,"8",.0,"8",.0,"8",.0,"8",.0,"8",.0,"8",0,"",0,"8","R",0,"9",0,"9",0,"8"
"350210585","SANDOMIERZ","2020","08","07",31.1,"",17.8,"",24.7,"",17.1,"",.0,"9","",0,"8",.0,"8",10.9,"",.0,"8",.0,"8",.0,"8",.0,"8",.0,"8",.0,"8",.0,"8",.0,"8",.0,"8",.0,"8",.0,"8",.0,"8",.0,"8",.0,"8",.0,"8",.0,"8",0,"",0,"8","R",0,"9",0,"9",0,"8"
"350210585","SANDOMIERZ","2020","08","08",31.0,"",17.7,"",24.9,"",16.9,"",.0,"9","",0,"8",.0,"8",13.3,"",.0,"8",.0,"8",.0,"8",.0,"8",.0,"8",.0,"8",.0,"8",.0,"8",.0,"8",.0,"8",.0,"8",.0,"8",.0,"8",.0,"8",.0,"8",.0,"8",0,"",0,"8","R",0,"9",0,"9",0,"8"
"350210585","SANDOMIERZ","2020","08","09",31.2,"",16.8,"",23.5,"",15.7,"",6.2,"","",0,"8",.0,"8",10.8,"",.0,"8",.0,"8",.0,"8",.0,"8",.0,"8",.0,"8",.0,"8",.0,"8",.0,"8",.0,"8",.0,"8",.0,"8",.0,"8",.0,"8",.0,"8",.0,"8",0,"",0,"8","R",0,"9",0,"9",0,"8"
"350210585","SANDOMIERZ","2020","08","10",28.9,"",15.3,"",22.4,"",15.3,"",.0,"9","",0,"8",.0,"8",11.8,"",.0,"8",.0,"8",.0,"8",.0,"8",.0,"8",.0,"8",.0,"8",.0,"8",.0,"8",.0,"8",.0,"8",.0,"8",.0,"8",.0,"8",.0,"8",.0,"8",0,"",0,"8","R",0,"9",0,"9",0,"8"
"350210585","SANDOMIERZ","2020","08","11",29.9,"",16.1,"",21.8,"",15.6,"",.1,"","",0,"8",.0,"8",11.0,"",.0,"8",.0,"8",.0,"8",.0,"8",.0,"8",.0,"8",.0,"8",.0,"8",.0,"8",.0,"8",.0,"8",.0,"8",.0,"8",.0,"8",.0,"8",.0,"8",0,"",0,"8","R",0,"9",0,"9",0,"8"
"350210585","SANDOMIERZ","2020","08","12",25.6,"",12.8,"",19.9,"",12.4,"",.0,"9","",0,"8",.0,"8",13.8,"",.0,"8",.0,"8",.0,"8",.0,"8",.0,"8",.0,"8",.0,"8",.0,"8",.0,"8",.0,"8",.0,"8",.0,"8",.0,"8",.0,"8",.0,"8",.0,"8",0,"",0,"8","R",0,"9",0,"9",0,"8"
"350210585","SANDOMIERZ","2020","08","13",26.8,"",12.3,"",20.4,"",10.4,"",.0,"9","",0,"8",.0,"8",13.7,"",.0,"8",.0,"8",.0,"8",.0,"8",.0,"8",.0,"8",.0,"8",.0,"8",.0,"8",.0,"8",.0,"8",.0,"8",.0,"8",.0,"8",.0,"8",.0,"8",0,"",0,"8","R",0,"9",0,"9",0,"8"
"350210585","SANDOMIERZ","2020","08","14",27.8,"",13.5,"",21.2,"",11.8,"",.0,"9","",0,"8",.0,"8",12.0,"",.0,"8",.0,"8",.0,"8",.0,"8",.0,"8",.0,"8",.0,"8",.0,"8",.0,"8",.0,"8",.0,"8",.0,"8",.0,"8",.0,"8",.0,"8",.0,"8",0,"",0,"8","R",0,"9",0,"9",0,"8"
"350210585","SANDOMIERZ","2020","08","15",26.9,"",15.4,"",20.1,"",14.2,"",.0,"9","",0,"8",.0,"8",11.9,"",.0,"8",.0,"8",.0,"8",.0,"8",.0,"8",.0,"8",.0,"8",.0,"8",.0,"8",.0,"8",.0,"8",.0,"8",.0,"8",.0,"8",.0,"8",.0,"8",0,"",0,"8","R",0,"9",0,"9",0,"8"
"350210585","SANDOMIERZ","2020","08","16",27.9,"",14.2,"",21.4,"",13.6,"",.0,"9","",0,"8",.0,"8",13.1,"",.0,"8",.0,"8",.0,"8",.0,"8",.0,"8",.0,"8",.0,"8",.0,"8",.0,"8",.0,"8",.0,"8",.0,"8",.0,"8",.0,"8",.0,"8",.0,"8",0,"",0,"8","R",0,"9",0,"9",0,"8"
"350210585","SANDOMIERZ","2020","08","17",27.4,"",16.9,"",21.4,"",16.8,"",.0,"","",0,"8",.0,"8",8.3,"",.0,"8",.0,"8",.0,"8",.0,"8",.0,"8",.0,"8",.0,"8",.0,"8",.0,"8",.0,"8",.0,"8",.0,"8",.0,"8",.0,"8",.0,"8",.0,"8",0,"",0,"8","R",0,"9",0,"9",0,"8"
"350210585","SANDOMIERZ","2020","08","18",25.2,"",16.4,"",19.8,"",16.1,"",10.8,"","",0,"8",.0,"8",4.8,"",.0,"8",.0,"8",.0,"8",.0,"8",.0,"8",.0,"8",.0,"8",.0,"8",.0,"8",.0,"8",.0,"8",.0,"8",.0,"8",.0,"8",.0,"8",.0,"8",0,"",0,"8","R",0,"9",0,"9",0,"8"
"350210585","SANDOMIERZ","2020","08","19",25.1,"",16.9,"",19.7,"",16.9,"",.0,"9","",0,"8",.0,"8",3.4,"",.0,"8",.0,"8",.0,"8",.0,"8",.0,"8",.0,"8",.0,"8",.0,"8",.0,"8",.0,"8",.0,"8",.0,"8",.0,"8",.0,"8",.0,"8",.0,"8",0,"",0,"8","R",0,"9",0,"9",0,"8"
"350210585","SANDOMIERZ","2020","08","20",27.0,"",15.3,"",20.9,"",14.5,"",.0,"9","",0,"8",.0,"8",10.0,"",.0,"8",.0,"8",.0,"8",.0,"8",.0,"8",.0,"8",.0,"8",.0,"8",.0,"8",.0,"8",.0,"8",.0,"8",.0,"8",.0,"8",.0,"8",.0,"8",0,"",0,"8","R",0,"9",0,"9",0,"8"
"350210585","SANDOMIERZ","2020","08","21",28.7,"",14.2,"",22.2,"",12.5,"",.0,"9","",0,"8",.0,"8",13.3,"",.0,"8",.0,"8",.0,"8",.0,"8",.0,"8",.0,"8",.0,"8",.0,"8",.0,"8",.0,"8",.0,"8",.0,"8",.0,"8",.0,"8",.0,"8",.0,"8",0,"",0,"8","R",0,"9",0,"9",0,"8"
"350210585","SANDOMIERZ","2020","08","22",30.7,"",16.3,"",23.6,"",14.6,"",.0,"","",0,"8",.0,"8",12.1,"",.0,"8",.0,"8",.0,"8",.0,"8",.0,"8",.0,"8",.0,"8",.0,"8",.0,"8",.0,"8",.0,"8",.0,"8",.0,"8",.0,"8",.0,"8",.0,"8",0,"",0,"8","R",0,"9",0,"9",0,"8"
"350210585","SANDOMIERZ","2020","08","23",26.2,"",17.7,"",18.8,"",17.8,"",4.7,"","",0,"8",.0,"8",1.3,"",.0,"8",.0,"8",.0,"8",.0,"8",.0,"8",.0,"8",.0,"8",.0,"8",.0,"8",.0,"8",.0,"8",.0,"8",.0,"8",.0,"8",.0,"8",.0,"8",0,"",0,"8","R",0,"9",0,"9",0,"8"
"350210585","SANDOMIERZ","2020","08","24",23.6,"",14.0,"",18.5,"",13.1,"",4.6,"","",0,"8",.0,"8",6.8,"",.0,"8",.0,"8",.0,"8",.0,"8",.0,"8",.0,"8",.0,"8",.0,"8",.0,"8",.0,"8",.0,"8",.0,"8",.0,"8",.0,"8",.0,"8",.0,"8",0,"",0,"8","R",0,"9",0,"9",0,"8"
"350210585","SANDOMIERZ","2020","08","25",22.3,"",14.5,"",17.5,"",13.6,"",.0,"9","",0,"8",.0,"8",8.0,"",.0,"8",.0,"8",.0,"8",.0,"8",.0,"8",.0,"8",.0,"8",.0,"8",.0,"8",.0,"8",.0,"8",.0,"8",.0,"8",.0,"8",.0,"8",.0,"8",0,"",0,"8","R",0,"9",0,"9",0,"8"
"350210585","SANDOMIERZ","2020","08","26",27.1,"",11.0,"",17.7,"",10.1,"",.8,"","",0,"8",.0,"8",9.1,"",.0,"8",.0,"8",.0,"8",.0,"8",.0,"8",.0,"8",.0,"8",.0,"8",.0,"8",.0,"8",.0,"8",.0,"8",.0,"8",.0,"8",.0,"8",.0,"8",0,"",0,"8","R",0,"9",0,"9",0,"8"
"350210585","SANDOMIERZ","2020","08","27",20.3,"",14.4,"",17.1,"",13.8,"",.0,"9","",0,"8",.0,"8",5.5,"",.0,"8",.0,"8",.0,"8",.0,"8",.0,"8",.0,"8",.0,"8",.0,"8",.0,"8",.0,"8",.0,"8",.0,"8",.0,"8",.0,"8",.0,"8",.0,"8",0,"",0,"8","R",0,"9",0,"9",0,"8"
"350210585","SANDOMIERZ","2020","08","28",22.5,"",9.3,"",16.5,"",8.5,"",.0,"","",0,"8",.0,"8",12.5,"",.0,"8",.0,"8",.0,"8",.0,"8",.0,"8",.0,"8",.0,"8",.0,"8",.0,"8",.0,"8",.0,"8",.0,"8",.0,"8",.0,"8",.0,"8",.0,"8",0,"",0,"8","R",0,"9",0,"9",0,"8"
"350210585","SANDOMIERZ","2020","08","29",28.2,"",13.3,"",19.2,"",12.6,"",.2,"","",0,"8",.0,"8",5.4,"",.0,"8",.0,"8",.0,"8",.0,"8",.0,"8",.0,"8",.0,"8",.0,"8",.0,"8",.0,"8",.0,"8",.0,"8",.0,"8",.0,"8",.0,"8",.0,"8",0,"",0,"8","R",0,"9",0,"9",0,"8"
"350210585","SANDOMIERZ","2020","08","30",32.2,"",14.8,"",23.7,"",14.1,"",.0,"9","",0,"8",.0,"8",11.7,"",.0,"8",.0,"8",.0,"8",.0,"8",.0,"8",.0,"8",.0,"8",.0,"8",.0,"8",.0,"8",.0,"8",.0,"8",.0,"8",.0,"8",.0,"8",.0,"8",0,"",0,"8","R",0,"9",0,"9",0,"8"
"350210585","SANDOMIERZ","2020","08","31",25.9,"",15.3,"",19.6,"",15.5,"",19.4,"","",0,"8",.0,"8",9.0,"",.0,"8",.0,"8",.0,"8",.0,"8",.0,"8",.0,"8",.0,"8",.0,"8",.0,"8",.0,"8",.0,"8",.0,"8",.0,"8",.0,"8",.0,"8",.0,"8",0,"",0,"8","R",0,"9",0,"9",0,"8"
"350210585","SANDOMIERZ","2020","09","01",17.1,"",12.9,"",14.7,"",12.8,"",2.0,"","",0,"8",.0,"8",.0,"9",.0,"8",.0,"8",.0,"8",.0,"8",.0,"8",.0,"8",.0,"8",.0,"8",.0,"8",.0,"8",.0,"8",.0,"8",.0,"8",.0,"8",.0,"8",.0,"8",0,"",0,"8","R",0,"9",0,"9",0,"8"
"350210585","SANDOMIERZ","2020","09","02",16.9,"",13.5,"",14.1,"",11.6,"",.0,"9","",0,"8",.0,"8",.9,"",.0,"8",.0,"8",.0,"8",.0,"8",.0,"8",.0,"8",.0,"8",.0,"8",.0,"8",.0,"8",.0,"8",.0,"8",.0,"8",.0,"8",.0,"8",.0,"8",0,"",0,"8","R",0,"9",0,"9",0,"8"
"350210585","SANDOMIERZ","2020","09","03",22.1,"",8.6,"",15.0,"",6.9,"",.0,"9","",0,"8",.0,"8",11.4,"",.0,"8",.0,"8",.0,"8",.0,"8",.0,"8",.0,"8",.0,"8",.0,"8",.0,"8",.0,"8",.0,"8",.0,"8",.0,"8",.0,"8",.0,"8",.0,"8",0,"",0,"8","R",0,"9",0,"9",0,"8"
"350210585","SANDOMIERZ","2020","09","04",23.4,"",9.3,"",16.8,"",7.7,"",.0,"9","",0,"8",.0,"8",9.7,"",.0,"8",.0,"8",.0,"8",.0,"8",.0,"8",.0,"8",.0,"8",.0,"8",.0,"8",.0,"8",.0,"8",.0,"8",.0,"8",.0,"8",.0,"8",.0,"8",0,"",0,"8","R",0,"9",0,"9",0,"8"
"350210585","SANDOMIERZ","2020","09","05",26.3,"",14.2,"",20.1,"",12.3,"",1.8,"","",0,"8",.0,"8",10.8,"",.0,"8",.0,"8",.0,"8",.0,"8",.0,"8",.0,"8",.0,"8",.0,"8",.0,"8",.0,"8",.0,"8",.0,"8",.0,"8",.0,"8",.0,"8",.0,"8",0,"",0,"8","R",0,"9",0,"9",0,"8"
"350210585","SANDOMIERZ","2020","09","06",21.7,"",14.9,"",15.8,"",14.5,"",13.3,"","",0,"8",.0,"8",.0,"9",.0,"8",.0,"8",.0,"8",.0,"8",.0,"8",.0,"8",.0,"8",.0,"8",.0,"8",.0,"8",.0,"8",.0,"8",.0,"8",.0,"8",.0,"8",.0,"8",0,"",0,"8","R",0,"9",0,"9",0,"8"
"350210585","SANDOMIERZ","2020","09","07",16.4,"",12.4,"",13.6,"",12.3,"",5.7,"","",0,"8",.0,"8",1.9,"",.0,"8",.0,"8",.0,"8",.0,"8",.0,"8",.0,"8",.0,"8",.0,"8",.0,"8",.0,"8",.0,"8",.0,"8",.0,"8",.0,"8",.0,"8",.0,"8",0,"",0,"8","R",0,"9",0,"9",0,"8"
"350210585","SANDOMIERZ","2020","09","08",20.3,"",6.8,"",13.6,"",6.3,"",.0,"9","",0,"8",.0,"8",11.2,"",.0,"8",.0,"8",.0,"8",.0,"8",.0,"8",.0,"8",.0,"8",.0,"8",.0,"8",.0,"8",.0,"8",.0,"8",.0,"8",.0,"8",.0,"8",.0,"8",0,"",0,"8","R",0,"9",0,"9",0,"8"
"350210585","SANDOMIERZ","2020","09","09",24.0,"",9.8,"",17.1,"",8.8,"",.0,"9","",0,"8",.0,"8",12.2,"",.0,"8",.0,"8",.0,"8",.0,"8",.0,"8",.0,"8",.0,"8",.0,"8",.0,"8",.0,"8",.0,"8",.0,"8",.0,"8",.0,"8",.0,"8",.0,"8",0,"",0,"8","R",0,"9",0,"9",0,"8"
"350210585","SANDOMIERZ","2020","09","10",20.9,"",12.8,"",15.6,"",12.4,"",.0,"","",0,"8",.0,"8",4.9,"",.0,"8",.0,"8",.0,"8",.0,"8",.0,"8",.0,"8",.0,"8",.0,"8",.0,"8",.0,"8",.0,"8",.0,"8",.0,"8",.0,"8",.0,"8",.0,"8",0,"",0,"8","R",0,"9",0,"9",0,"8"
"350210585","SANDOMIERZ","2020","09","11",20.6,"",7.3,"",14.3,"",5.0,"",.0,"9","",0,"8",.0,"8",11.8,"",.0,"8",.0,"8",.0,"8",.0,"8",.0,"8",.0,"8",.0,"8",.0,"8",.0,"8",.0,"8",.0,"8",.0,"8",.0,"8",.0,"8",.0,"8",.0,"8",0,"",0,"8","R",0,"9",0,"9",0,"8"
"350210585","SANDOMIERZ","2020","09","12",24.0,"",8.1,"",17.1,"",6.4,"",.0,"9","",0,"8",.0,"8",12.0,"",.0,"8",.0,"8",.0,"8",.0,"8",.0,"8",.0,"8",.0,"8",.0,"8",.0,"8",.0,"8",.0,"8",.0,"8",.0,"8",.0,"8",.0,"8",.0,"8",0,"",0,"8","R",0,"9",0,"9",0,"8"
"350210585","SANDOMIERZ","2020","09","13",25.5,"",13.3,"",19.0,"",12.8,"",.0,"9","",0,"8",.0,"8",10.2,"",.0,"8",.0,"8",.0,"8",.0,"8",.0,"8",.0,"8",.0,"8",.0,"8",.0,"8",.0,"8",.0,"8",.0,"8",.0,"8",.0,"8",.0,"8",.0,"8",0,"",0,"8","R",0,"9",0,"9",0,"8"
"350210585","SANDOMIERZ","2020","09","14",26.8,"",13.1,"",19.8,"",11.0,"",.0,"9","",0,"8",.0,"8",11.9,"",.0,"8",.0,"8",.0,"8",.0,"8",.0,"8",.0,"8",.0,"8",.0,"8",.0,"8",.0,"8",.0,"8",.0,"8",.0,"8",.0,"8",.0,"8",.0,"8",0,"",0,"8","R",0,"9",0,"9",0,"8"
"350210585","SANDOMIERZ","2020","09","15",26.9,"",12.1,"",20.0,"",10.6,"",.0,"9","",0,"8",.0,"8",11.3,"",.0,"8",.0,"8",.0,"8",.0,"8",.0,"8",.0,"8",.0,"8",.0,"8",.0,"8",.0,"8",.0,"8",.0,"8",.0,"8",.0,"8",.0,"8",.0,"8",0,"",0,"8","R",0,"9",0,"9",0,"8"
"350210585","SANDOMIERZ","2020","09","16",28.1,"",13.4,"",20.5,"",11.5,"",.0,"9","",0,"8",.0,"8",11.0,"",.0,"8",.0,"8",.0,"8",.0,"8",.0,"8",.0,"8",.0,"8",.0,"8",.0,"8",.0,"8",.0,"8",.0,"8",.0,"8",.0,"8",.0,"8",.0,"8",0,"",0,"8","R",0,"9",0,"9",0,"8"
"350210585","SANDOMIERZ","2020","09","17",22.0,"",11.2,"",15.5,"",9.3,"",.0,"9","",0,"8",.0,"8",4.2,"",.0,"8",.0,"8",.0,"8",.0,"8",.0,"8",.0,"8",.0,"8",.0,"8",.0,"8",.0,"8",.0,"8",.0,"8",.0,"8",.0,"8",.0,"8",.0,"8",0,"",0,"8","R",0,"9",0,"9",0,"8"
"350210585","SANDOMIERZ","2020","09","18",16.7,"",5.3,"",10.6,"",4.8,"",.0,"9","",0,"8",.0,"8",11.6,"",.0,"8",.0,"8",.0,"8",.0,"8",.0,"8",.0,"8",.0,"8",.0,"8",.0,"8",.0,"8",.0,"8",.0,"8",.0,"8",.0,"8",.0,"8",.0,"8",0,"",0,"8","R",0,"9",0,"9",0,"8"
"350210585","SANDOMIERZ","2020","09","19",19.8,"",5.6,"",12.7,"",3.7,"",.0,"9","",0,"8",.0,"8",11.3,"",.0,"8",.0,"8",.0,"8",.0,"8",.0,"8",.0,"8",.0,"8",.0,"8",.0,"8",.0,"8",.0,"8",.0,"8",.0,"8",.0,"8",.0,"8",.0,"8",0,"",0,"8","R",0,"9",0,"9",0,"8"
"350210585","SANDOMIERZ","2020","09","20",19.4,"",7.3,"",13.0,"",5.8,"",.0,"9","",0,"8",.0,"8",8.6,"",.0,"8",.0,"8",.0,"8",.0,"8",.0,"8",.0,"8",.0,"8",.0,"8",.0,"8",.0,"8",.0,"8",.0,"8",.0,"8",.0,"8",.0,"8",.0,"8",0,"",0,"8","R",0,"9",0,"9",0,"8"
"350210585","SANDOMIERZ","2020","09","21",21.9,"",8.5,"",15.1,"",6.1,"",.0,"9","",0,"8",.0,"8",11.3,"",.0,"8",.0,"8",.0,"8",.0,"8",.0,"8",.0,"8",.0,"8",.0,"8",.0,"8",.0,"8",.0,"8",.0,"8",.0,"8",.0,"8",.0,"8",.0,"8",0,"",0,"8","R",0,"9",0,"9",0,"8"
"350210585","SANDOMIERZ","2020","09","22",24.0,"",8.3,"",16.4,"",6.1,"",.0,"9","",0,"8",.0,"8",11.2,"",.0,"8",.0,"8",.0,"8",.0,"8",.0,"8",.0,"8",.0,"8",.0,"8",.0,"8",.0,"8",.0,"8",.0,"8",.0,"8",.0,"8",.0,"8",.0,"8",0,"",0,"8","R",0,"9",0,"9",0,"8"
"350210585","SANDOMIERZ","2020","09","23",25.7,"",10.1,"",17.5,"",8.2,"",.0,"9","",0,"8",.0,"8",11.0,"",.0,"8",.0,"8",.0,"8",.0,"8",.0,"8",.0,"8",.0,"8",.0,"8",.0,"8",.0,"8",.0,"8",.0,"8",.0,"8",.0,"8",.0,"8",.0,"8",0,"",0,"8","R",0,"9",0,"9",0,"8"
"350210585","SANDOMIERZ","2020","09","24",24.4,"",11.9,"",17.6,"",10.0,"",.0,"9","",0,"8",.0,"8",9.4,"",.0,"8",.0,"8",.0,"8",.0,"8",.0,"8",.0,"8",.0,"8",.0,"8",.0,"8",.0,"8",.0,"8",.0,"8",.0,"8",.0,"8",.0,"8",.0,"8",0,"",0,"8","R",0,"9",0,"9",0,"8"
"350210585","SANDOMIERZ","2020","09","25",24.3,"",12.5,"",18.0,"",11.9,"",2.3,"","",0,"8",.0,"8",7.4,"",.0,"8",.0,"8",.0,"8",.0,"8",.0,"8",.0,"8",.0,"8",.0,"8",.0,"8",.0,"8",.0,"8",.0,"8",.0,"8",.0,"8",.0,"8",.0,"8",0,"",0,"8","R",0,"9",0,"9",0,"8"
"350210585","SANDOMIERZ","2020","09","26",18.6,"",15.1,"",16.2,"",14.6,"",20.4,"","",0,"8",.0,"8",.1,"",.0,"8",.0,"8",.0,"8",.0,"8",.0,"8",.0,"8",.0,"8",.0,"8",.0,"8",.0,"8",.0,"8",.0,"8",.0,"8",.0,"8",.0,"8",.0,"8",0,"",0,"8","R",0,"9",0,"9",0,"8"
"350210585","SANDOMIERZ","2020","09","27",15.2,"",8.1,"",9.4,"",5.7,"",.9,"","",0,"8",.0,"8",.2,"",.0,"8",.0,"8",.0,"8",.0,"8",.0,"8",.0,"8",.0,"8",.0,"8",.0,"8",.0,"8",.0,"8",.0,"8",.0,"8",.0,"8",.0,"8",.0,"8",0,"",0,"8","R",0,"9",0,"9",0,"8"
"350210585","SANDOMIERZ","2020","09","28",18.7,"",4.9,"",11.8,"",4.0,"",.0,"","",0,"8",.0,"8",5.3,"",.0,"8",.0,"8",.0,"8",.0,"8",.0,"8",.0,"8",.0,"8",.0,"8",.0,"8",.0,"8",.0,"8",.0,"8",.0,"8",.0,"8",.0,"8",.0,"8",0,"",0,"8","R",0,"9",0,"9",0,"8"
"350210585","SANDOMIERZ","2020","09","29",15.7,"",11.4,"",13.2,"",11.1,"",10.4,"","",0,"8",.0,"8",.1,"",.0,"8",.0,"8",.0,"8",.0,"8",.0,"8",.0,"8",.0,"8",.0,"8",.0,"8",.0,"8",.0,"8",.0,"8",.0,"8",.0,"8",.0,"8",.0,"8",0,"",0,"8","R",0,"9",0,"9",0,"8"
"350210585","SANDOMIERZ","2020","09","30",13.1,"",10.8,"",11.6,"",10.7,"",14.0,"","",0,"8",.0,"8",.0,"9",.0,"8",.0,"8",.0,"8",.0,"8",.0,"8",.0,"8",.0,"8",.0,"8",.0,"8",.0,"8",.0,"8",.0,"8",.0,"8",.0,"8",.0,"8",.0,"8",0,"",0,"8","R",0,"9",0,"9",0,"8"
"350210585","SANDOMIERZ","2020","10","01",12.6,"",11.3,"",11.9,"",11.2,"",8.7,"","",0,"8",.0,"8",.0,"9",.0,"8",.0,"8",.0,"8",.0,"8",.0,"8",.0,"8",.0,"8",.0,"8",.0,"8",.0,"8",.0,"8",.0,"8",.0,"8",.0,"8",.0,"8",.0,"8",0,"",0,"8","R",0,"9",0,"9",0,"8"
"350210585","SANDOMIERZ","2020","10","02",15.5,"",11.6,"",12.9,"",11.4,"",.2,"","",0,"8",.0,"8",.1,"",.0,"8",.0,"8",.0,"8",.0,"8",.0,"8",.0,"8",.0,"8",.0,"8",.0,"8",.0,"8",.0,"8",.0,"8",.0,"8",.0,"8",.0,"8",.0,"8",0,"",0,"8","R",0,"9",0,"9",0,"8"
"350210585","SANDOMIERZ","2020","10","03",21.9,"",12.2,"",17.0,"",11.3,"",.0,"9","",0,"8",.0,"8",8.4,"",.0,"8",.0,"8",.0,"8",.0,"8",.0,"8",.0,"8",.0,"8",.0,"8",.0,"8",.0,"8",.0,"8",.0,"8",.0,"8",.0,"8",.0,"8",.0,"8",0,"",0,"8","R",0,"9",0,"9",0,"8"
"350210585","SANDOMIERZ","2020","10","04",23.5,"",15.3,"",17.7,"",10.8,"",.2,"","",0,"8",.0,"8",7.5,"",.0,"8",.0,"8",.0,"8",.0,"8",.0,"8",.0,"8",.0,"8",.0,"8",.0,"8",.0,"8",.0,"8",.0,"8",.0,"8",.0,"8",.0,"8",.0,"8",0,"",0,"8","R",0,"9",0,"9",0,"8"
"350210585","SANDOMIERZ","2020","10","05",20.2,"",10.7,"",14.9,"",7.7,"",.6,"","",0,"8",.0,"8",5.9,"",.0,"8",.0,"8",.0,"8",.0,"8",.0,"8",.0,"8",.0,"8",.0,"8",.0,"8",.0,"8",.0,"8",.0,"8",.0,"8",.0,"8",.0,"8",.0,"8",0,"",0,"8","R",0,"9",0,"9",0,"8"
"350210585","SANDOMIERZ","2020","10","06",19.3,"",9.9,"",14.2,"",8.0,"",.0,"9","",0,"8",.0,"8",10.0,"",.0,"8",.0,"8",.0,"8",.0,"8",.0,"8",.0,"8",.0,"8",.0,"8",.0,"8",.0,"8",.0,"8",.0,"8",.0,"8",.0,"8",.0,"8",.0,"8",0,"",0,"8","R",0,"9",0,"9",0,"8"
"350210585","SANDOMIERZ","2020","10","07",17.9,"",9.1,"",12.8,"",6.4,"",2.6,"","",0,"8",.0,"8",5.8,"",.0,"8",.0,"8",.0,"8",.0,"8",.0,"8",.0,"8",.0,"8",.0,"8",.0,"8",.0,"8",.0,"8",.0,"8",.0,"8",.0,"8",.0,"8",.0,"8",0,"",0,"8","R",0,"9",0,"9",0,"8"
"350210585","SANDOMIERZ","2020","10","08",14.1,"",9.8,"",11.4,"",6.5,"",.6,"","",0,"8",.0,"8",1.9,"",.0,"8",.0,"8",.0,"8",.0,"8",.0,"8",.0,"8",.0,"8",.0,"8",.0,"8",.0,"8",.0,"8",.0,"8",.0,"8",.0,"8",.0,"8",.0,"8",0,"",0,"8","R",0,"9",0,"9",0,"8"
"350210585","SANDOMIERZ","2020","10","09",17.8,"",5.1,"",11.3,"",4.8,"",.0,"9","",0,"8",.0,"8",7.7,"",.0,"8",.0,"8",.0,"8",.0,"8",.0,"8",.0,"8",.0,"8",.0,"8",.0,"8",.0,"8",.0,"8",.0,"8",.0,"8",.0,"8",.0,"8",.0,"8",0,"",0,"8","R",0,"9",0,"9",0,"8"
"350210585","SANDOMIERZ","2020","10","10",18.2,"",9.8,"",13.4,"",7.6,"",.2,"","",0,"8",.0,"8",6.5,"",.0,"8",.0,"8",.0,"8",.0,"8",.0,"8",.0,"8",.0,"8",.0,"8",.0,"8",.0,"8",.0,"8",.0,"8",.0,"8",.0,"8",.0,"8",.0,"8",0,"",0,"8","R",0,"9",0,"9",0,"8"
"350210585","SANDOMIERZ","2020","10","11",14.3,"",8.5,"",10.0,"",8.2,"",.1,"","",0,"8",.0,"8",.4,"",.0,"8",.0,"8",.0,"8",.0,"8",.0,"8",.0,"8",.0,"8",.0,"8",.0,"8",.0,"8",.0,"8",.0,"8",.0,"8",.0,"8",.0,"8",.0,"8",0,"",0,"8","R",0,"9",0,"9",0,"8"
"350210585","SANDOMIERZ","2020","10","12",11.2,"",6.8,"",8.3,"",6.7,"",23.5,"","",0,"8",.0,"8",.0,"9",.0,"8",.0,"8",.0,"8",.0,"8",.0,"8",.0,"8",.0,"8",.0,"8",.0,"8",.0,"8",.0,"8",.0,"8",.0,"8",.0,"8",.0,"8",.0,"8",0,"",0,"8","R",0,"9",0,"9",0,"8"
"350210585","SANDOMIERZ","2020","10","13",10.9,"",5.9,"",7.5,"",5.8,"",21.3,"","",0,"8",.0,"8",.0,"9",.0,"8",.0,"8",.0,"8",.0,"8",.0,"8",.0,"8",.0,"8",.0,"8",.0,"8",.0,"8",.0,"8",.0,"8",.0,"8",.0,"8",.0,"8",.0,"8",0,"",0,"8","R",0,"9",0,"9",0,"8"
"350210585","SANDOMIERZ","2020","10","14",14.3,"",5.6,"",6.4,"",5.3,"",4.0,"","",0,"8",.0,"8",.0,"9",.0,"8",.0,"8",.0,"8",.0,"8",.0,"8",.0,"8",.0,"8",.0,"8",.0,"8",.0,"8",.0,"8",.0,"8",.0,"8",.0,"8",.0,"8",.0,"8",0,"",0,"8","R",0,"9",0,"9",0,"8"
"350210585","SANDOMIERZ","2020","10","15",9.8,"",6.2,"",7.1,"",5.6,"",.0,"","",0,"8",.0,"8",.6,"",.0,"8",.0,"8",.0,"8",.0,"8",.0,"8",.0,"8",.0,"8",.0,"8",.0,"8",.0,"8",.0,"8",.0,"8",.0,"8",.0,"8",.0,"8",.0,"8",0,"",0,"8","R",0,"9",0,"9",0,"8"
"350210585","SANDOMIERZ","2020","10","16",7.4,"",4.0,"",6.0,"",1.2,"",6.7,"","",0,"8",.0,"8",.0,"9",.0,"8",.0,"8",.0,"8",.0,"8",.0,"8",.0,"8",.0,"8",.0,"8",.0,"8",.0,"8",.0,"8",.0,"8",.0,"8",.0,"8",.0,"8",.0,"8",0,"",0,"8","R",0,"9",0,"9",0,"8"
"350210585","SANDOMIERZ","2020","10","17",7.9,"",6.0,"",7.1,"",5.9,"",7.0,"","",0,"8",.0,"8",.0,"9",.0,"8",.0,"8",.0,"8",.0,"8",.0,"8",.0,"8",.0,"8",.0,"8",.0,"8",.0,"8",.0,"8",.0,"8",.0,"8",.0,"8",.0,"8",.0,"8",0,"",0,"8","R",0,"9",0,"9",0,"8"
"350210585","SANDOMIERZ","2020","10","18",8.5,"",4.6,"",6.6,"",4.6,"",.3,"","",0,"8",.0,"8",3.2,"",.0,"8",.0,"8",.0,"8",.0,"8",.0,"8",.0,"8",.0,"8",.0,"8",.0,"8",.0,"8",.0,"8",.0,"8",.0,"8",.0,"8",.0,"8",.0,"8",0,"",0,"8","R",0,"9",0,"9",0,"8"
"350210585","SANDOMIERZ","2020","10","19",10.8,"",4.5,"",7.1,"",3.4,"",.1,"","",0,"8",.0,"8",4.3,"",.0,"8",.0,"8",.0,"8",.0,"8",.0,"8",.0,"8",.0,"8",.0,"8",.0,"8",.0,"8",.0,"8",.0,"8",.0,"8",.0,"8",.0,"8",.0,"8",0,"",0,"8","R",0,"9",0,"9",0,"8"
"350210585","SANDOMIERZ","2020","10","20",13.1,"",2.7,"",7.4,"",-.2,"",.0,"9","",0,"8",.0,"8",9.1,"",.0,"8",.0,"8",.0,"8",.0,"8",.0,"8",.0,"8",.0,"8",.0,"8",.0,"8",.0,"8",.0,"8",.0,"8",.0,"8",.0,"8",.0,"8",.0,"8",0,"",0,"8","R",0,"9",0,"9",0,"8"
"350210585","SANDOMIERZ","2020","10","21",14.5,"",5.7,"",9.5,"",4.2,"",.0,"9","",0,"8",.0,"8",4.1,"",.0,"8",.0,"8",.0,"8",.0,"8",.0,"8",.0,"8",.0,"8",.0,"8",.0,"8",.0,"8",.0,"8",.0,"8",.0,"8",.0,"8",.0,"8",.0,"8",0,"",0,"8","R",0,"9",0,"9",0,"8"
"350210585","SANDOMIERZ","2020","10","22",17.7,"",8.4,"",11.6,"",7.4,"",.0,"9","",0,"8",.0,"8",2.3,"",.0,"8",.0,"8",.0,"8",.0,"8",.0,"8",.0,"8",.0,"8",.0,"8",.0,"8",.0,"8",.0,"8",.0,"8",.0,"8",.0,"8",.0,"8",.0,"8",0,"",0,"8","R",0,"9",0,"9",0,"8"
"350210585","SANDOMIERZ","2020","10","23",15.0,"",7.6,"",10.6,"",6.7,"",.0,"","",0,"8",.0,"8",1.3,"",.0,"8",.0,"8",.0,"8",.0,"8",.0,"8",.0,"8",.0,"8",.0,"8",.0,"8",.0,"8",.0,"8",.0,"8",.0,"8",.0,"8",.0,"8",.0,"8",0,"",0,"8","R",0,"9",0,"9",0,"8"
"350210585","SANDOMIERZ","2020","10","24",16.1,"",8.8,"",11.0,"",6.3,"",.0,"","",0,"8",.0,"8",2.6,"",.0,"8",.0,"8",.0,"8",.0,"8",.0,"8",.0,"8",.0,"8",.0,"8",.0,"8",.0,"8",.0,"8",.0,"8",.0,"8",.0,"8",.0,"8",.0,"8",0,"",0,"8","R",0,"9",0,"9",0,"8"
"350210585","SANDOMIERZ","2020","10","25",11.6,"",2.8,"",8.3,"",1.4,"",.0,"","",0,"8",.0,"8",.1,"",.0,"8",.0,"8",.0,"8",.0,"8",.0,"8",.0,"8",.0,"8",.0,"8",.0,"8",.0,"8",.0,"8",.0,"8",.0,"8",.0,"8",.0,"8",.0,"8",0,"",0,"8","R",0,"9",0,"9",0,"8"
"350210585","SANDOMIERZ","2020","10","26",17.2,"",10.1,"",12.7,"",8.9,"",.0,"9","",0,"8",.0,"8",7.5,"",.0,"8",.0,"8",.0,"8",.0,"8",.0,"8",.0,"8",.0,"8",.0,"8",.0,"8",.0,"8",.0,"8",.0,"8",.0,"8",.0,"8",.0,"8",.0,"8",0,"",0,"8","R",0,"9",0,"9",0,"8"
"350210585","SANDOMIERZ","2020","10","27",18.3,"",9.7,"",12.7,"",8.7,"",.0,"9","",0,"8",.0,"8",6.5,"",.0,"8",.0,"8",.0,"8",.0,"8",.0,"8",.0,"8",.0,"8",.0,"8",.0,"8",.0,"8",.0,"8",.0,"8",.0,"8",.0,"8",.0,"8",.0,"8",0,"",0,"8","R",0,"9",0,"9",0,"8"
"350210585","SANDOMIERZ","2020","10","28",12.3,"",4.0,"",8.2,"",2.5,"",.1,"","",0,"8",.0,"8",.0,"9",.0,"8",.0,"8",.0,"8",.0,"8",.0,"8",.0,"8",.0,"8",.0,"8",.0,"8",.0,"8",.0,"8",.0,"8",.0,"8",.0,"8",.0,"8",.0,"8",0,"",0,"8","R",0,"9",0,"9",0,"8"
"350210585","SANDOMIERZ","2020","10","29",14.0,"",5.9,"",9.3,"",6.0,"",1.3,"","",0,"8",.0,"8",4.3,"",.0,"8",.0,"8",.0,"8",.0,"8",.0,"8",.0,"8",.0,"8",.0,"8",.0,"8",.0,"8",.0,"8",.0,"8",.0,"8",.0,"8",.0,"8",.0,"8",0,"",0,"8","R",0,"9",0,"9",0,"8"
"350210585","SANDOMIERZ","2020","10","30",11.4,"",4.8,"",7.7,"",3.8,"",2.8,"","",0,"8",.0,"8",1.3,"",.0,"8",.0,"8",.0,"8",.0,"8",.0,"8",.0,"8",.0,"8",.0,"8",.0,"8",.0,"8",.0,"8",.0,"8",.0,"8",.0,"8",.0,"8",.0,"8",0,"",0,"8","R",0,"9",0,"9",0,"8"
"350210585","SANDOMIERZ","2020","10","31",10.4,"",5.0,"",6.4,"",3.3,"",.0,"9","",0,"8",.0,"8",3.9,"",.0,"8",.0,"8",.0,"8",.0,"8",.0,"8",.0,"8",.0,"8",.0,"8",.0,"8",.0,"8",.0,"8",.0,"8",.0,"8",.0,"8",.0,"8",.0,"8",0,"",0,"8","R",0,"9",0,"9",0,"8"
"350210585","SANDOMIERZ","2020","11","01",5.4,"",2.0,"",3.9,"",-1.4,"",.0,"9","",0,"8",.0,"8",.0,"9",.0,"8",.0,"8",.0,"8",.0,"8",.0,"8",.0,"8",.0,"8",.0,"8",.0,"8",.0,"8",.0,"8",.0,"8",.0,"8",.0,"8",.0,"8",.0,"8",0,"",0,"8","R",0,"9",0,"9",0,"8"
"350210585","SANDOMIERZ","2020","11","02",11.4,"",4.3,"",8.3,"",4.4,"",1.0,"","",0,"8",.0,"8",.5,"",.0,"8",.0,"8",.0,"8",.0,"8",.0,"8",.0,"8",.0,"8",.0,"8",.0,"8",.0,"8",.0,"8",.0,"8",.0,"8",.0,"8",.0,"8",.0,"8",0,"",0,"8","R",0,"9",0,"9",0,"8"
"350210585","SANDOMIERZ","2020","11","03",15.9,"",9.3,"",12.4,"",9.2,"",.0,"","",0,"8",.0,"8",.4,"",.0,"8",.0,"8",.0,"8",.0,"8",.0,"8",.0,"8",.0,"8",.0,"8",.0,"8",.0,"8",.0,"8",.0,"8",.0,"8",.0,"8",.0,"8",.0,"8",0,"",0,"8","R",0,"9",0,"9",0,"8"
"350210585","SANDOMIERZ","2020","11","04",14.6,"",8.1,"",10.0,"",7.7,"",7.6,"","",0,"8",.0,"8",.0,"9",.0,"8",.0,"8",.0,"8",.0,"8",.0,"8",.0,"8",.0,"8",.0,"8",.0,"8",.0,"8",.0,"8",.0,"8",.0,"8",.0,"8",.0,"8",.0,"8",0,"",0,"8","R",0,"9",0,"9",0,"8"
"350210585","SANDOMIERZ","2020","11","05",10.0,"",2.9,"",5.7,"",2.1,"",.0,"9","",0,"8",.0,"8",8.6,"",.0,"8",.0,"8",.0,"8",.0,"8",.0,"8",.0,"8",.0,"8",.0,"8",.0,"8",.0,"8",.0,"8",.0,"8",.0,"8",.0,"8",.0,"8",.0,"8",0,"",0,"8","R",0,"9",0,"9",0,"8"
"350210585","SANDOMIERZ","2020","11","06",7.7,"",1.4,"",5.5,"",.5,"",.0,"","",0,"8",.0,"8",.0,"9",.0,"8",.0,"8",.0,"8",.0,"8",.0,"8",.0,"8",.0,"8",.0,"8",.0,"8",.0,"8",.0,"8",.0,"8",.0,"8",.0,"8",.0,"8",.0,"8",0,"",0,"8","R",0,"9",0,"9",0,"8"
"350210585","SANDOMIERZ","2020","11","07",8.0,"",6.7,"",7.1,"",6.5,"",.0,"9","",0,"8",.0,"8",.0,"9",.0,"8",.0,"8",.0,"8",.0,"8",.0,"8",.0,"8",.0,"8",.0,"8",.0,"8",.0,"8",.0,"8",.0,"8",.0,"8",.0,"8",.0,"8",.0,"8",0,"",0,"8","R",0,"9",0,"9",0,"8"
"350210585","SANDOMIERZ","2020","11","08",12.8,"",1.6,"",6.2,"",1.4,"",.0,"9","",0,"8",.0,"8",8.1,"",.0,"8",.0,"8",.0,"8",.0,"8",.0,"8",.0,"8",.0,"8",.0,"8",.0,"8",.0,"8",.0,"8",.0,"8",.0,"8",.0,"8",.0,"8",.0,"8",0,"",0,"8","R",0,"9",0,"9",0,"8"
"350210585","SANDOMIERZ","2020","11","09",7.4,"",4.0,"",6.1,"",2.4,"",.0,"9","",0,"8",.0,"8",.0,"9",.0,"8",.0,"8",.0,"8",.0,"8",.0,"8",.0,"8",.0,"8",.0,"8",.0,"8",.0,"8",.0,"8",.0,"8",.0,"8",.0,"8",.0,"8",.0,"8",0,"",0,"8","R",0,"9",0,"9",0,"8"
"350210585","SANDOMIERZ","2020","11","10",7.5,"",5.6,"",6.4,"",5.5,"",.0,"9","",0,"8",.0,"8",.0,"9",.0,"8",.0,"8",.0,"8",.0,"8",.0,"8",.0,"8",.0,"8",.0,"8",.0,"8",.0,"8",.0,"8",.0,"8",.0,"8",.0,"8",.0,"8",.0,"8",0,"",0,"8","R",0,"9",0,"9",0,"8"
"350210585","SANDOMIERZ","2020","11","11",6.5,"",4.2,"",5.0,"",4.1,"",.1,"","",0,"8",.0,"8",.0,"9",.0,"8",.0,"8",.0,"8",.0,"8",.0,"8",.0,"8",.0,"8",.0,"8",.0,"8",.0,"8",.0,"8",.0,"8",.0,"8",.0,"8",.0,"8",.0,"8",0,"",0,"8","R",0,"9",0,"9",0,"8"
"350210585","SANDOMIERZ","2020","11","12",4.7,"",3.5,"",4.0,"",3.2,"",.0,"","",0,"8",.0,"8",.0,"9",.0,"8",.0,"8",.0,"8",.0,"8",.0,"8",.0,"8",.0,"8",.0,"8",.0,"8",.0,"8",.0,"8",.0,"8",.0,"8",.0,"8",.0,"8",.0,"8",0,"",0,"8","R",0,"9",0,"9",0,"8"
"350210585","SANDOMIERZ","2020","11","13",7.3,"",3.9,"",5.3,"",3.6,"",.1,"","",0,"8",.0,"8",.0,"9",.0,"8",.0,"8",.0,"8",.0,"8",.0,"8",.0,"8",.0,"8",.0,"8",.0,"8",.0,"8",.0,"8",.0,"8",.0,"8",.0,"8",.0,"8",.0,"8",0,"",0,"8","R",0,"9",0,"9",0,"8"
"350210585","SANDOMIERZ","2020","11","14",9.1,"",3.4,"",6.2,"",1.7,"",.0,"","",0,"8",.0,"8",1.0,"",.0,"8",.0,"8",.0,"8",.0,"8",.0,"8",.0,"8",.0,"8",.0,"8",.0,"8",.0,"8",.0,"8",.0,"8",.0,"8",.0,"8",.0,"8",.0,"8",0,"",0,"8","R",0,"9",0,"9",0,"8"
"350210585","SANDOMIERZ","2020","11","15",11.4,"",5.9,"",7.1,"",5.1,"",.0,"9","",0,"8",.0,"8",4.5,"",.0,"8",.0,"8",.0,"8",.0,"8",.0,"8",.0,"8",.0,"8",.0,"8",.0,"8",.0,"8",.0,"8",.0,"8",.0,"8",.0,"8",.0,"8",.0,"8",0,"",0,"8","R",0,"9",0,"9",0,"8"
"350210585","SANDOMIERZ","2020","11","16",10.4,"",1.6,"",6.0,"",.3,"",.5,"","",0,"8",.0,"8",5.7,"",.0,"8",.0,"8",.0,"8",.0,"8",.0,"8",.0,"8",.0,"8",.0,"8",.0,"8",.0,"8",.0,"8",.0,"8",.0,"8",.0,"8",.0,"8",.0,"8",0,"",0,"8","R",0,"9",0,"9",0,"8"
"350210585","SANDOMIERZ","2020","11","17",11.2,"",6.0,"",7.9,"",5.6,"",.0,"","",0,"8",.0,"8",1.3,"",.0,"8",.0,"8",.0,"8",.0,"8",.0,"8",.0,"8",.0,"8",.0,"8",.0,"8",.0,"8",.0,"8",.0,"8",.0,"8",.0,"8",.0,"8",.0,"8",0,"",0,"8","R",0,"9",0,"9",0,"8"
"350210585","SANDOMIERZ","2020","11","18",9.8,"",4.3,"",6.7,"",2.5,"",.0,"9","",0,"8",.0,"8",.3,"",.0,"8",.0,"8",.0,"8",.0,"8",.0,"8",.0,"8",.0,"8",.0,"8",.0,"8",.0,"8",.0,"8",.0,"8",.0,"8",.0,"8",.0,"8",.0,"8",0,"",0,"8","R",0,"9",0,"9",0,"8"
"350210585","SANDOMIERZ","2020","11","19",11.2,"",3.0,"",6.2,"",2.1,"",1.7,"","",0,"8",.0,"8",8.0,"",.0,"8",.0,"8",.0,"8",.0,"8",.0,"8",.0,"8",.0,"8",.0,"8",.0,"8",.0,"8",.0,"8",.0,"8",.0,"8",.0,"8",.0,"8",.0,"8",0,"",0,"8","R",0,"9",0,"9",0,"8"
"350210585","SANDOMIERZ","2020","11","20",6.9,"",1.1,"",3.4,"",.4,"",.0,"","",0,"8",.0,"8",3.9,"",.0,"8",.0,"8",.0,"8",.0,"8",.0,"8",.0,"8",.0,"8",.0,"8",.0,"8",.0,"8",.0,"8",.0,"8",.0,"8",.0,"8",.0,"8",.0,"8",0,"",0,"8","R",0,"9",0,"9",0,"8"
"350210585","SANDOMIERZ","2020","11","21",1.2,"",-4.8,"",-1.7,"",-5.6,"",.0,"9","",0,"8",.0,"8",.0,"9",.0,"8",.0,"8",.0,"8",.0,"8",.0,"8",.0,"8",.0,"8",.0,"8",.0,"8",.0,"8",.0,"8",.0,"8",.0,"8",.0,"8",.0,"8",.0,"8",0,"",0,"8","R",8,"",0,"9",0,"8"
"350210585","SANDOMIERZ","2020","11","22",5.8,"",-3.0,"",1.9,"",-4.1,"",.0,"","",0,"8",.0,"8",5.4,"",.0,"8",.0,"8",.0,"8",.0,"8",.0,"8",.0,"8",.0,"8",.0,"8",.0,"8",.0,"8",.0,"8",.0,"8",.0,"8",.0,"8",.0,"8",.0,"8",0,"",0,"8","R",10,"",0,"9",0,"8"
"350210585","SANDOMIERZ","2020","11","23",5.2,"",2.9,"",3.7,"",2.1,"",.0,"","",0,"8",.0,"8",.0,"9",.0,"8",.0,"8",.0,"8",.0,"8",.0,"8",.0,"8",.0,"8",.0,"8",.0,"8",.0,"8",.0,"8",.0,"8",.0,"8",.0,"8",.0,"8",.0,"8",0,"",0,"8","R",0,"9",0,"9",0,"8"
"350210585","SANDOMIERZ","2020","11","24",7.8,"",3.4,"",4.2,"",2.5,"",.0,"9","",0,"8",.0,"8",5.3,"",.0,"8",.0,"8",.0,"8",.0,"8",.0,"8",.0,"8",.0,"8",.0,"8",.0,"8",.0,"8",.0,"8",.0,"8",.0,"8",.0,"8",.0,"8",.0,"8",0,"",0,"8","R",0,"9",0,"9",0,"8"
"350210585","SANDOMIERZ","2020","11","25",5.5,"",-2.2,"",.0,"",-3.0,"",.0,"9","",0,"8",.0,"8",7.1,"",.0,"8",.0,"8",.0,"8",.0,"8",.0,"8",.0,"8",.0,"8",.0,"8",.0,"8",.0,"8",.0,"8",.0,"8",.0,"8",.0,"8",.0,"8",.0,"8",0,"",0,"8","R",8,"",0,"9",0,"8"
"350210585","SANDOMIERZ","2020","11","26",-.7,"",-4.7,"",-2.7,"",-6.2,"",.1,"","",0,"8",.0,"8",.0,"9",.0,"8",.0,"8",.0,"8",.0,"8",.0,"8",.0,"8",.0,"8",.0,"8",.0,"8",.0,"8",.0,"8",.0,"8",.0,"8",.0,"8",.0,"8",.0,"8",0,"",0,"8","R",12,"",0,"9",0,"8"
"350210585","SANDOMIERZ","2020","11","27",1.4,"",-3.1,"",.4,"",-4.2,"",.2,"","",0,"8",.0,"8",.0,"9",.0,"8",.0,"8",.0,"8",.0,"8",.0,"8",.0,"8",.0,"8",.0,"8",.0,"8",.0,"8",.0,"8",.0,"8",.0,"8",.0,"8",.0,"8",.0,"8",0,"",0,"8","R",14,"",0,"9",0,"8"
"350210585","SANDOMIERZ","2020","11","28",2.4,"",-.8,"",.9,"",-1.2,"",2.9,"","",0,"8",.0,"8",.0,"9",.0,"8",.0,"8",.0,"8",.0,"8",.0,"8",.0,"8",.0,"8",.0,"8",.0,"8",.0,"8",.0,"8",.0,"8",.0,"8",.0,"8",.0,"8",.0,"8",0,"",0,"8","R",14,"",4,"",0,"8"
"350210585","SANDOMIERZ","2020","11","29",.0,"",-1.1,"",-.7,"",-1.4,"",.1,"","",0,"8",.0,"8",.0,"9",.0,"8",.0,"8",.0,"8",.0,"8",.0,"8",.0,"8",.0,"8",.0,"8",.0,"8",.0,"8",.0,"8",.0,"8",.0,"8",.0,"8",.0,"8",.0,"8",0,"",0,"8","R",9,"",0,"9",0,"8"
"350210585","SANDOMIERZ","2020","11","30",.3,"",-2.3,"",-1.4,"",-5.8,"",.0,"","",0,"8",.0,"8",1.1,"",.0,"8",.0,"8",.0,"8",.0,"8",.0,"8",.0,"8",.0,"8",.0,"8",.0,"8",.0,"8",.0,"8",.0,"8",.0,"8",.0,"8",.0,"8",.0,"8",0,"",0,"8","R",9,"",0,"9",0,"8"
"350210585","SANDOMIERZ","2020","12","01",-.2,"",-3.2,"",-1.7,"",-4.8,"",.0,"9","",0,"8",.0,"8",2.5,"",.0,"8",.0,"8",.0,"8",.0,"8",.0,"8",.0,"8",.0,"8",.0,"8",.0,"8",.0,"8",.0,"8",.0,"8",.0,"8",.0,"8",.0,"8",.0,"8",0,"",0,"8","R",9,"",0,"9",0,"8"
"350210585","SANDOMIERZ","2020","12","02",-.4,"",-4.4,"",-2.6,"",-6.0,"",.0,"9","",0,"8",.0,"8",5.0,"",.0,"8",.0,"8",.0,"8",.0,"8",.0,"8",.0,"8",.0,"8",.0,"8",.0,"8",.0,"8",.0,"8",.0,"8",.0,"8",.0,"8",.0,"8",.0,"8",0,"",0,"8","R",11,"",0,"9",0,"8"
"350210585","SANDOMIERZ","2020","12","03",.5,"",-4.3,"",-1.8,"",-5.5,"",.0,"","",0,"8",.0,"8",3.5,"",.0,"8",.0,"8",.0,"8",.0,"8",.0,"8",.0,"8",.0,"8",.0,"8",.0,"8",.0,"8",.0,"8",.0,"8",.0,"8",.0,"8",.0,"8",.0,"8",0,"",0,"8","R",14,"",0,"9",0,"8"
"350210585","SANDOMIERZ","2020","12","04",2.4,"",-.9,"",.9,"",-1.5,"",.0,"9","",0,"8",.0,"8",.1,"",.0,"8",.0,"8",.0,"8",.0,"8",.0,"8",.0,"8",.0,"8",.0,"8",.0,"8",.0,"8",.0,"8",.0,"8",.0,"8",.0,"8",.0,"8",.0,"8",0,"",0,"8","",14,"",0,"9",0,"8"
"350210585","SANDOMIERZ","2020","12","05",11.2,"",1.9,"",6.1,"",1.0,"",.0,"9","",0,"8",.0,"8",6.5,"",.0,"8",.0,"8",.0,"8",.0,"8",.0,"8",.0,"8",.0,"8",.0,"8",.0,"8",.0,"8",.0,"8",.0,"8",.0,"8",.0,"8",.0,"8",.0,"8",0,"",0,"8","R",14,"",4,"",0,"8"
"350210585","SANDOMIERZ","2020","12","06",7.0,"",1.8,"",3.3,"",1.7,"",.0,"9","",0,"8",.0,"8",.0,"9",.0,"8",.0,"8",.0,"8",.0,"8",.0,"8",.0,"8",.0,"8",.0,"8",.0,"8",.0,"8",.0,"8",.0,"8",.0,"8",.0,"8",.0,"8",.0,"8",0,"",0,"8","R",0,"9",0,"9",0,"8"
"350210585","SANDOMIERZ","2020","12","07",1.8,"",-1.5,"",-.3,"",-2.0,"",.0,"","",0,"8",.0,"8",4.1,"",.0,"8",.0,"8",.0,"8",.0,"8",.0,"8",.0,"8",.0,"8",.0,"8",.0,"8",.0,"8",.0,"8",.0,"8",.0,"8",.0,"8",.0,"8",.0,"8",0,"",0,"8","R",7,"",0,"9",0,"8"
"350210585","SANDOMIERZ","2020","12","08",-.9,"",-3.1,"",-1.8,"",-3.3,"",.0,"9","",0,"8",.0,"8",.1,"",.0,"8",.0,"8",.0,"8",.0,"8",.0,"8",.0,"8",.0,"8",.0,"8",.0,"8",.0,"8",.0,"8",.0,"8",.0,"8",.0,"8",.0,"8",.0,"8",0,"",0,"8","",12,"",0,"9",0,"8"
"350210585","SANDOMIERZ","2020","12","09",-.9,"",-3.2,"",-2.4,"",-3.7,"",.0,"9","",0,"8",.0,"8",.0,"9",.0,"8",.0,"8",.0,"8",.0,"8",.0,"8",.0,"8",.0,"8",.0,"8",.0,"8",.0,"8",.0,"8",.0,"8",.0,"8",.0,"8",.0,"8",.0,"8",0,"",0,"8","R",16,"",0,"9",0,"8"
"350210585","SANDOMIERZ","2020","12","10",.6,"",-2.6,"",-1.0,"",-2.5,"",.5,"","",0,"8",.0,"8",.0,"9",.0,"8",.0,"8",.0,"8",.0,"8",.0,"8",.0,"8",.0,"8",.0,"8",.0,"8",.0,"8",.0,"8",.0,"8",.0,"8",.0,"8",.0,"8",.0,"8",0,"",0,"8","R",18,"",0,"9",0,"8"
"350210585","SANDOMIERZ","2020","12","11",1.1,"",.1,"",.7,"",.0,"",1.0,"","",0,"8",.0,"8",.0,"9",.0,"8",.0,"8",.0,"8",.0,"8",.0,"8",.0,"8",.0,"8",.0,"8",.0,"8",.0,"8",.0,"8",.0,"8",.0,"8",.0,"8",.0,"8",.0,"8",0,"",0,"8","R",18,"",4,"",0,"8"
"350210585","SANDOMIERZ","2020","12","12",2.8,"",1.1,"",1.8,"",1.0,"",.0,"9","",0,"8",.0,"8",.0,"9",.0,"8",.0,"8",.0,"8",.0,"8",.0,"8",.0,"8",.0,"8",.0,"8",.0,"8",.0,"8",.0,"8",.0,"8",.0,"8",.0,"8",.0,"8",.0,"8",0,"",0,"8","R",17,"",4,"",0,"8"
"350210585","SANDOMIERZ","2020","12","13",1.4,"",-.2,"",.2,"",-.2,"",.0,"9","",0,"8",.0,"8",.0,"9",.0,"8",.0,"8",.0,"8",.0,"8",.0,"8",.0,"8",.0,"8",.0,"8",.0,"8",.0,"8",.0,"8",.0,"8",.0,"8",.0,"8",.0,"8",.0,"8",0,"",0,"8","R",8,"",4,"",0,"8"
"350210585","SANDOMIERZ","2020","12","14",.9,"",-.4,"",.1,"",-.4,"",.0,"","",0,"8",.0,"8",.0,"9",.0,"8",.0,"8",.0,"8",.0,"8",.0,"8",.0,"8",.0,"8",.0,"8",.0,"8",.0,"8",.0,"8",.0,"8",.0,"8",.0,"8",.0,"8",.0,"8",0,"",0,"8","R",9,"",0,"9",0,"8"
"350210585","SANDOMIERZ","2020","12","15",1.4,"",-1.5,"",.3,"",-1.3,"",.0,"","",0,"8",.0,"8",.0,"9",.0,"8",.0,"8",.0,"8",.0,"8",.0,"8",.0,"8",.0,"8",.0,"8",.0,"8",.0,"8",.0,"8",.0,"8",.0,"8",.0,"8",.0,"8",.0,"8",0,"",0,"8","R",6,"",0,"9",0,"8"
"350210585","SANDOMIERZ","2020","12","16",5.0,"",-1.1,"",1.3,"",-1.7,"",.0,"9","",0,"8",.0,"8",3.7,"",.0,"8",.0,"8",.0,"8",.0,"8",.0,"8",.0,"8",.0,"8",.0,"8",.0,"8",.0,"8",.0,"8",.0,"8",.0,"8",.0,"8",.0,"8",.0,"8",0,"",0,"8","R",9,"",0,"9",0,"8"
"350210585","SANDOMIERZ","2020","12","17",3.8,"",1.3,"",1.9,"",.1,"",.0,"9","",0,"8",.0,"8",.0,"9",.0,"8",.0,"8",.0,"8",.0,"8",.0,"8",.0,"8",.0,"8",.0,"8",.0,"8",.0,"8",.0,"8",.0,"8",.0,"8",.0,"8",.0,"8",.0,"8",0,"",0,"8","R",0,"9",0,"9",0,"8"
"350210585","SANDOMIERZ","2020","12","18",5.4,"",1.3,"",3.0,"",1.1,"",.0,"9","",0,"8",.0,"8",.0,"9",.0,"8",.0,"8",.0,"8",.0,"8",.0,"8",.0,"8",.0,"8",.0,"8",.0,"8",.0,"8",.0,"8",.0,"8",.0,"8",.0,"8",.0,"8",.0,"8",0,"",0,"8","R",0,"9",0,"9",0,"8"
"350210585","SANDOMIERZ","2020","12","19",3.8,"",-1.5,"",.6,"",-3.0,"",.0,"","",0,"8",.0,"8",.0,"9",.0,"8",.0,"8",.0,"8",.0,"8",.0,"8",.0,"8",.0,"8",.0,"8",.0,"8",.0,"8",.0,"8",.0,"8",.0,"8",.0,"8",.0,"8",.0,"8",0,"",0,"8","R",0,"9",0,"9",0,"8"
"350210585","SANDOMIERZ","2020","12","20",-.4,"",-3.9,"",-1.8,"",-5.4,"",.0,"","",0,"8",.0,"8",.0,"9",.0,"8",.0,"8",.0,"8",.0,"8",.0,"8",.0,"8",.0,"8",.0,"8",.0,"8",.0,"8",.0,"8",.0,"8",.0,"8",.0,"8",.0,"8",.0,"8",0,"",0,"8","R",10,"",0,"9",0,"8"
"350210585","SANDOMIERZ","2020","12","21",-.1,"",-1.9,"",-.8,"",-2.2,"",.0,"","",0,"8",.0,"8",.0,"9",.0,"8",.0,"8",.0,"8",.0,"8",.0,"8",.0,"8",.0,"8",.0,"8",.0,"8",.0,"8",.0,"8",.0,"8",.0,"8",.0,"8",.0,"8",.0,"8",0,"",0,"8","R",13,"",0,"9",0,"8"
"350210585","SANDOMIERZ","2020","12","22",3.7,"",-1.7,"",1.4,"",-2.7,"",6.2,"","",0,"8",.0,"8",.3,"",.0,"8",.0,"8",.0,"8",.0,"8",.0,"8",.0,"8",.0,"8",.0,"8",.0,"8",.0,"8",.0,"8",.0,"8",.0,"8",.0,"8",.0,"8",.0,"8",0,"",0,"8","R",14,"",0,"9",0,"8"
"350210585","SANDOMIERZ","2020","12","23",7.1,"",3.0,"",5.5,"",2.8,"",1.8,"","",0,"8",.0,"8",.0,"9",.0,"8",.0,"8",.0,"8",.0,"8",.0,"8",.0,"8",.0,"8",.0,"8",.0,"8",.0,"8",.0,"8",.0,"8",.0,"8",.0,"8",.0,"8",.0,"8",0,"",0,"8","R",0,"9",0,"9",0,"8"
"350210585","SANDOMIERZ","2020","12","24",7.4,"",2.6,"",5.5,"",2.1,"",4.4,"","",0,"8",.0,"8",.0,"9",.0,"8",.0,"8",.0,"8",.0,"8",.0,"8",.0,"8",.0,"8",.0,"8",.0,"8",.0,"8",.0,"8",.0,"8",.0,"8",.0,"8",.0,"8",.0,"8",0,"",0,"8","R",0,"9",0,"9",0,"8"
"350210585","SANDOMIERZ","2020","12","25",6.8,"",2.0,"",3.0,"",1.7,"",.0,"","",0,"8",.0,"8",.6,"",.0,"8",.0,"8",.0,"8",.0,"8",.0,"8",.0,"8",.0,"8",.0,"8",.0,"8",.0,"8",.0,"8",.0,"8",.0,"8",.0,"8",.0,"8",.0,"8",0,"",0,"8","R",0,"9",0,"9",0,"8"
"350210585","SANDOMIERZ","2020","12","26",2.1,"",-1.5,"",-.1,"",-2.4,"",.1,"","",0,"8",.0,"8",.1,"",.0,"8",.0,"8",.0,"8",.0,"8",.0,"8",.0,"8",.0,"8",.0,"8",.0,"8",.0,"8",.0,"8",.0,"8",.0,"8",.0,"8",.0,"8",.0,"8",0,"",0,"8","R",6,"",4,"",0,"8"
"350210585","SANDOMIERZ","2020","12","27",1.4,"",-5.2,"",-2.2,"",-7.7,"",.0,"9","",0,"8",.0,"8",7.4,"",.0,"8",.0,"8",.0,"8",.0,"8",.0,"8",.0,"8",.0,"8",.0,"8",.0,"8",.0,"8",.0,"8",.0,"8",.0,"8",.0,"8",.0,"8",.0,"8",0,"",0,"8","R",12,"",0,"9",0,"8"
"350210585","SANDOMIERZ","2020","12","28",6.5,"",-1.2,"",3.5,"",-2.1,"",.0,"","",0,"8",.0,"8",2.4,"",.0,"8",.0,"8",.0,"8",.0,"8",.0,"8",.0,"8",.0,"8",.0,"8",.0,"8",.0,"8",.0,"8",.0,"8",.0,"8",.0,"8",.0,"8",.0,"8",0,"",0,"8","R",16,"",4,"",0,"8"
"350210585","SANDOMIERZ","2020","12","29",9.3,"",5.1,"",7.5,"",4.0,"",.4,"","",0,"8",.0,"8",3.8,"",.0,"8",.0,"8",.0,"8",.0,"8",.0,"8",.0,"8",.0,"8",.0,"8",.0,"8",.0,"8",.0,"8",.0,"8",.0,"8",.0,"8",.0,"8",.0,"8",0,"",0,"8","R",0,"9",0,"9",0,"8"
"350210585","SANDOMIERZ","2020","12","30",7.9,"",3.4,"",5.0,"",1.1,"",3.6,"","",0,"8",.0,"8",.0,"9",.0,"8",.0,"8",.0,"8",.0,"8",.0,"8",.0,"8",.0,"8",.0,"8",.0,"8",.0,"8",.0,"8",.0,"8",.0,"8",.0,"8",.0,"8",.0,"8",0,"",0,"8","R",0,"9",0,"9",0,"8"
"350210585","SANDOMIERZ","2020","12","31",4.8,"",1.1,"",1.9,"",-.2,"",.0,"9","",0,"8",.0,"8",.0,"9",.0,"8",.0,"8",.0,"8",.0,"8",.0,"8",.0,"8",.0,"8",.0,"8",.0,"8",.0,"8",.0,"8",.0,"8",.0,"8",.0,"8",.0,"8",.0,"8",0,"",0,"8","R",0,"9",0,"9",0,"8"
